떡뻐킷ㄷㄱㄷㄱ,n,,,
오 오뱅화,n,,,
오방화오방화,n,,,
오오,su,,,
dh,n,,,
선하~,n,,,
ㅅㄴㅅㄴ,n,,,
서나,n,,,
ㄷㄱㄷㄱ,n,,,
오,su,,,
ㅅㄴㅅㄴ,n,,,
선하선하~,n,,,
떡볶이 조아~~,n,,,
오오,su,,,
ㅅㄴㅅㄴ,n,,,
ㅅㄴㅅㄴ,n,,,
서나서나,n,,,
히히 ㅅㄴㅅㄴ,n,,,
ㅅㄴㅅㄴㅅㄴ,n,,,
ㄷㄱㄷㄱ,n,,,
오방화,n,,,
ㅅㄴㅅㄴ,n,,,
오오오,su,,,
서나,n,,,
ㅅㄴㅅㄴ~,n,,,
맛있겠다,n,,,
와,su,,,
우아아앙,su,,,
오오ㅗ옹,su,,,
ㅅㄴㅅㄴ,n,,,
오오,su,,,
ㅅㄴㅅㄴ~~,n,,,
ㅅㄴ,n,,,
맛있겠다,n,,,
꺆,su,,,
무슨떡버킷,n,,,
ㅅㄴㅅㄴ,n,,,
ㅅㄴㅅㄴ,n,,,
오ㅓ,n,,,
ㅅㄴㅅㄴ,n,,,
대박!,su,,,
ㅅㄴㅅㄴ,n,,,
ㅅㄴㅅㄴ~~,n,,,
ㅅㄴㅅㄴㅅㄴ,n,,,
ㅅㄴㅅㄴ,n,,,
ㅅㄴㅅㄴ,n,,,
오오오,su,,,
오방화~~~,n,,,
ㅅㄴㅅㄴㅅㄴ,n,,,
ㅅㄴㅅㄴ,n,,,
ㅅㄴㅅㄴ,n,,,
ㅅㄴㅅㄴ,n,,,
!!,n,,,
와아~~~,su,,,
오오,su,,,
ㅅㄴㅅㄴㅅ,n,,,
떠복이 하이,n,,,
ㅅㄴㅅㄴㅅㄴㅇ,n,,,
반가워요,n,,,
ㅅㄴㅅㄴ,n,,,
ㅅㄴㅅㄴ,n,,,
ㅅㄴㅅㄴㅅㄴㅅㄴ,n,,,
ohhhhhhhhh,su,,,
먹방 좋지,n,,,
ㅅㄴㅅㄴㅅㄴㅅㄴㅅㄴㅅㄴ,n,,,
와 떡뻐킷~~~,n,,,
ㅅㄴㅅㄴ,n,,,
ㅅㄴㅅㄴ,n,,,
ㅅㄴㅅㄴㅅㄴ,n,,,
ㅅㄴㅅㄴ,n,,,
ㅅㄴㅅㄴㅅㄴ~~,n,,,
ㅅㄴㅅㄴ,n,,,
ㅅㄴㅅㄴ,n,,,
ㅅㄴㅅㄴ,n,,,
ㅅㄴ,n,,,
낵ㅇ아 바로온다니니ㅣ이리이미,n,,,
ㅅㄴㅅㄴ,n,,,
ㅅㄴㅅㄴ,n,,,
ㅅㄴㅅㄴ,n,,,
HeyGuys HeyGuys,n,,,
ㅅㄴㅅㄴ,n,,,
선하선하~,n,,,
ㅅㄴㅅㄴㅅㄴ,n,,,
떡볶이!!,n,,,
ㅅㄴㅅㄴ,n,,,
ㅅㄴㅅㄴ,n,,,
엽떡이려나,n,,,
서나서나~~~,n,,,
와아,su,,,
서나서나,n,,,
떡볶이 맛있겠구먼,n,,,
ㅅㄴㅅㄴㅅㄴ,n,,,
떡복이,n,,,
오 떡볶이,n,,,
ㅅㄴㅅㄴ,n,,,
오,su,,,
ㅅㄴㅅㄴ,n,,,
하이하이~~~,n,,,
ㅅㄴㅅㄴ,n,,,
ㅅㄴㅅㄴ,n,,,
헣,n,,,
tsts,n,,,
ㅅㄴㅅㄴ,n,,,
우앙 떡볶이~~,n,,,
ㅅㄴㅅㄴ~!!,n,,,
ㅅㄴㅅㄴㅅㄴㅅㄴ,n,,,
선하~~,n,,,
떡볶이이이,n,,,
ㅅㄴㅅㄴ,n,,,
서나~,n,,,
서나서나,n,,,
서나서나~~,n,,,
이야ㅑㅑㅑ,n,,,
ㅅㄴㅅㄴㅅㄴ,n,,,
오오 먹방 좋아,su,,,
떡볶이 조아조아,n,,,
ㅅㄴㅅㄴㅅㄴ,n,,,
와떡볶이,n,,,
오호 떡볶이,n,,,
!업타임,n,,,
ㅅㄴㅅㄴ~~,n,,,
방송시간: 32 seconds,n,,,
떡뻣킷,n,,,
와 떡볶이...,su,,,
오늘의 노래는?,n,,,
떡볶이라니,n,,,
방송 업타임: 0 시간 00 분 32 초,n,,,
엽떡 먹고싶다,n,,,
ㅅㄴㅅㄴ,n,,,
서나서나~~~,n,,,
소크라테스?,n,,,
ㅅㄴㅅㄴ,n,,,
오방화,n,,,
ㅅㄴㅅㄴ,n,,,
떡볶이 조아,n,,,
오늘 곡은?!,n,,,
헐 ㅋ덕볶이,su,,,
서나서나,n,,,
먹방조아,n,,,
오,su,,,
떡볶이 개조아,n,,,
오,su,,,
떡볶이 맛있겠다,n,,,
오옹,su,,,
떡볶이개맛잇겟다...,n,,,
서나서나!!!,n,,,
오오오,su,,,
떡하 ㅅㄴㅅㄴ,n,,,
마싯갯다,n,,,
ㅅㄴㅅㄴ,n,,,
오오,su,,,
오우,su,,,
오,su,,,
오,su,,,
떡 볶 이 조 아,n,,,
하위,n,,,
ㅅㄴㅅㄴㅅㄴㅅㄴ,n,,,
왕,su,,,
오,su,,,
오늘의 오프닝곡은?,n,,,
오,su,,,
요오,su,,,
선하선하!!!,n,,,
떡뻐킷 먹방 가즈아,n,,,
깜짝이야,su,,,
깜짝이야 ㅋㅋㅋㅋ,su,,,
와 떡볶이~!!!!!!,n,,,
선하~~,n,,,
ㅅㄴㅅ,n,,,
오 노래 뭐야,n,,,
휘휘휘~~~~~,n,,,
휘휘,n,,,
오,su,,,
오오,su,,,
오,su,,,
오,su,,,
우와~~~,su,,,
덕복기라니~~~~~,n,,,
혹시 철학 떡뽁긴가,n,,,
놀래라,su,,,
에에ㅔㅔ,su,,,
오늘의 노래는?,n,,,
오 소크라테스?,n,,,
ㅅㄴㅅㄴ,n,,,
와아 떡뻐킷 조아,su,,,
떡볶이~~,n,,,
ㅅㄴㅅㄴ~~,n,,,
깜짝아,su,,,
((,n,,,
!방제,n,,,
쀼쀼쀼~,j,,,
신난다~~~,j,,,
부럽네요 선바님,n,,,
뭐야,n,,,
깜짝아 ㅋㅋㅋㅋ,su,,,
ㅅㄴㅅㄴ,n,,,
오,su,,,
((,n,,,
)),n,,,
오오오,su,,,
)),n,,,
ㅅㄴㅅㄴ,n,,,
떡볶이~~~~,n,,,
ㅅㄴㅅㄴ,n,,,
와~~~~~~~~~,su,,,
현재 방송제목: 떡볶이시킴,n,,,
오오오,su,,,
와아아아아,su,,,
예에에에에,su,,,
서나서나,n,,,
올올,su,,,
휘휘휘~~~,j,,,
(,n,,,
((,n,,,
악 깜짞아,n,,,
)),n,,,
)),n,,,
와!!!!!!!!!!!!!!!!!!,su,,,
ㄷㄱㄷㄱ,n,,,
우아,su,,,
오오오,su,,,
)),n,,,
나두 떡볶이..,n,,,
깜짝이얔ㅋㅋㅋㅋㅋㅋ,su,,,
쿵짝 쿵짝,n,,,
ㅅㄴㅅㄴㅅㄴ,n,,,
((,n,,,
)),n,,,
어우 깜짝아,su,,,
떡뻐킷~~,n,,,
((,n,,,
헐나도떡볶이시킴~~~~ 오예,n,,,
뻐킷,n,,,
((,n,,,
와!!,su,,,
)),n,,,
와 개신나,j,,,
((,n,,,
((,n,,,
((,n,,,
깜짝아 ㅋㅋㅋㅋㅋㅋㅋ,su,,,
)),n,,,
노래 좋다,n,,,
떡뻐킷 ㅋㅌㅌㅌㅌㅋㅋ,n,,,
ㅅㄴㅅㄴ,n,,,
)),n,,,
쀼쀼~,j,,,
))),n,,,
서나,n,,,
노래 놀래라,n,,,
ㅇㄴ,n,,,
떡볶이 부럽,n,,,
sunbaTwerk sunbaTwerk,n,,,
((,n,,,
((,n,,,
)),n,,,
((,n,,,
((,n,,,
ㅅㄴㅅㄴ,n,,,
((,n,,,
삑삑삑,n,,,
와아 신난다~~,j,,,
?,q,,,
ㅅㄴㅅㄴ,n,,,
ㅇㄴ,n,,,
((,n,,,
ㅅㄴㅅㄴ~~~,n,,,
ㅋㅋㅋㅋㅋㅋㅋㅋㅋㅋㅋㅋㅋ,j,,,
ㅋㅋㅋㅋㅋㅋㅋㅋㅋㅋㅋㅋ,j,,,
아나ㅋㅋㅋㅋㅋㅋㅋㅋㅋㅋㅋㅋㅋㅋㅋㅋㅋㅋㅋㅋㅋㅋㅋㅋㅋㅋㅋㅋ,j,,,
ㅋㅋㅋㅋㅋㅋㅋ,j,,,
ㅋㅋㅋㅋㅋㅋㅋㅋㅋㅋㅋㅋㅋㅋㅋ,j,,,
!업타임,n,,,
ㅅㄴㅅㄴ,n,,,
??????,q,,,
)),n,,,
ㅋㅋㅋㅋㅋㅋㅋ,j,,,
방송시간: channel is not live,n,,,
엌ㅋㅋㅋㅋㅋㅋㅋㅋㅋ,j,,,
(9,n,,,
?,n,,,
무슨덕복기에여~~,n,,,
앜ㅋㅋㅋㅋㅋㅋㅋㅋㅋㅋㅋㅋㅋㅋㅋㅋㅋㅋㅋㅋㅋㅋㅋㅋㅋ,j,,,
?,q,,,
((,n,,,
ㅋㅋㅋㅋㅋㅋㅋㅋㅋㅋㅋㅋㅋㅋㅋㅋㅋ,j,,,
ㅋㅋㅋㅋㅋㅋㅋㅋㅋㅋㅋㅋㅋㅋㅋㅋㅋㅋㅋㅋㅋㅋㅋㅋㅋㅋㅋㅋㅋㅋㅋ,j,,,
ㅅㄴㅅㄴ,n,,,
ㅋㅋㅋㅋㅋㅋㅋㅋㅋㅋㅋㅋㅋㅋㅋㅋㅋ,j,,,
ㅅㄴㅅㄴ,n,,,
ㅋㅋㅋㅋㅋㅋㅋㅋㅋㅋㅋㅋㅋㅋㅋㅋㅋㅋㅋㅋㅋㅋㅋㅋㅋㅋㅋㅋㅋㅋ,j,,,
)),n,,,
ㅅㄴㅅㄴ,n,,,
ㅋㅋㅋㅋㅋㅋㅋㅋㅋㅋㅋㅋㅋㅋㅋ,j,,,
ㅋㅋㅋㅋㅋㅋㅋㅋㅋㅋㅋㅋㅋㅋㅋㅋㅋ,j,,,
ㅋㅋㅋㅋㅋㅋㅋㅋㅋㅋㅋㅋㅋㅋㅋㅋㅋㅋㅋㅋㅋㅋㅋㅋㅋㅋㅋㅋ,j,,,
????,q,,,
?,q,,,
뿌뿌,n,,,
개웃겨,j,,,
ㅋㅋㅋㅋㅋㅋㅋㅋㅋㅋㅋㅋ,j,,,
ㅋㅋㅋㅋㅋㅋㅋㅋㅋㅋㅋㅋㅋㅋㅋㅋ,j,,,
ㅇㄴㅋㅋㅋㅋㅋㅋ,j,,,
뭐야 ㅋㅋㅋㅋㅋㅋㅋㅋㅋㅋㅋㅋㅋㅋㅋㅋㅋㅋㅋㅋㅋㅋㅋㅋㅋ,j,,,
ㅋㅋㅋㅋㅋㅋㅋㅋㅋㅋㅋㅋㅋㅋㅋㅋㅋㅋㅋㅋㅋㅋㅋㅋㅋㅋㅋㅋㅋㅋㅋㅋㅋㅋㅋㅋㅋㅋ,j,,,
((,n,,,
아닠ㅋㅋㅋㅋㅋㅋ,j,,,
??,q,,,
)),n,,,
????,q,,,
ㅋㅋㅋㅋㅋㅋㅋㅋㅋㅋㅋㅋㅋ,j,,,
ㅋㅋㅋㅋㅋㅋㅋㅋㅋㅋ,j,,,
?,q,,,
개웃기네,j,,,
(),n,,,
?ㅍㅂㅋㄱㄱ ㄱㄱㄱㅋ,j,,,
ㅋㅋㅋㅋㅋㅋㅋㅋㅋㅋㅋㅋㅋㅋㅋㅋㅋㅋㅋㅋㅋㅋㅋㅋㅋㅋ,j,,,
아뭐야,d,,,
ㅋㅋㅋㅋㅋㅋㅋㅋㅋㅋㅋㅋㅋㅋㅋㅋㅋ,j,,,
이게 뭐얔ㅋㅋㄱㅋ,j,,,
아니 이게 뭐얔ㅋㅋㅋㅋㅋㅋㅋㅋㅋㅋㅋㅋㅋㅋㅋㅋㅋㅋㅋㅋ,j,,,
딱선준,n,,,
ㅋㅋㅋㅋㅋㅋㅋㅋㅋㅋㅋㅋㅋㅋㅋㅋㅋㅋㅋ,j,,,
ㅇㄴㅋㅋㅋㅋㅋㅋㅋㅋㅋㅋㅋㅋㅋㅋㅋㅋㅋㅋㅋㅋㅋㅋㅋㅋㅋ,j,,,
ㅋㅋㅋㅋㅋㅋㅋㅋㅋㅋㅋ,j,,,
????,q,,,
ㅋㅋㅋㅋㅋㅋㅋㅋㅋㅋㅋㅋㅋㅋㅋㅋㅋㅋㅋㅋ,j,,,
ㅋㅋㅋㅋㅋㅋㅋㅋㅋㅋㅋㅋㅋㅋㅋㅋㅋㅋㅋㅋㅋㅋㅋㅋㅋ,j,,,
ㅋㅋㅋㅋㅋㅋㅋㅋㅋㅋ,j,,,
뭐야 ㅋㅋㅋㅋㅋㅋㅋㅋㅋㅋㅋㅋ,j,,,
오,su,,,
곡 뭐야ㅋㅋㅋㅋㅋㅋㅋㅋㅋㅋㅋㅋㅋㅋ,j,,,
ㅋㅋㅋㅋㅋㅋㅋㅋㅋㅋ이거,j,,,
ㅋㅋㅋㅋㅋㅋㅋㅋㅋㅋㅋㅋㅋ,j,,,
이게 뭐야ㅋㅋㅋㅋㅋㅋㅋㅋㅋㅋ,j,,,
아니 ㅋㅋㅋㅋㅋㅋㅋㅋㅋ,j,,,
아닠ㅋㅋㅋㅋㅋㅋㅋ,j,,,
ㅇㄴㅋㅋㅋㅋㅋㅋㅋㅋㅋㅋㅋㅋㅋㅋㅋㅋㅋㅋㅋㅋㅋㅋㅋㅋㅋㅋㅋㅋㅋㅋㅋㅋㅋ,j,,,
뭐하세요,j,,,
ㅋㅋㅋㅋㅋㅋㅋㅋㅋㅋㅋㅋㅋㅋㅋㅋㅋㅋㅋㅋㅋㅋㅋㅋㅋㅋㅋㅋㅋㅋㅋㅋㅋㅋㅋㅋㅋㅋㅋㅋㅋㅋㅋㅋㅋㅋ,j,,,
???,q,,,
ㅇㄴㅋㅋㅋㅋㅋㅋㅋㅋㅋㅋㅋㅋㅋㅋㅋㅋㅋㅋㅋㅋㅋㅋㅋ,j,,,
뭐야 ㅋㅋㅋㅋㅋㅋㅋㅋㅋㅋㅋㅋㅋㅋㅋㅋㅋㅋㅋ,j,,,
이게ㅝ야,d,,,
ㅋㅋㅋㅋㅋㅋㅋㅋㅋㅋㅋㅋㅋㅋㅋㅋㅋㅋㅋㅋㅋㅋㅋㅋㅋㅋㅋㅋㅋㅋㅋㅋㅋㅋㅋㅋㅋㅋ,j,,,
떡볶이!,n,,,
눈눈ㄴ는ㄴ는ㄴ눈,n,,,
????뭐야,n,,,
뭔 노래얔ㅋㅋㅋㅋㅋㅋㅋㅋㅋㅋㅋㅋㅋㅋ,j,,,
???,q,,,
ㅋㅋㅋㅋㅋㅋㅋㅋ,j,,,
((,n,,,
ㅋㅋㅋㅋㅋㅋ,j,,,
떡보끼,n,,,
이거 뭐여,d,,,
ㅋㅋㅋㅋㅋㅋㅋㅋㅋㅋㅋㅋㅋㅋㅋㅋㅋㅋㅋㅋㅋㅋㅋㅋㅋㅋㅋㅋㅋㅋㅋㅋㅋ,j,,,
ㅋㅋㅋㅋㅋ,j,,,
ㅋㅋㅋㅋㅋㅋㅋㅋ,j,,,
ㅌㅋㅋㅋㅋㅋㅋㅋ,j,,,
아니 이거 뭐옄ㅋㅋㅋㅋㅋㅋㅋㅋㅋㅋㅋㅋㅋㅋㅋㅋㅋㅋㅋㅋㅋㅋㅋㅋㅋㅋㅋ,j,,,
깜짝아,su,,,
아 뭐야 ㅋㅋㅋㅋㅋㅋㅋㅋㅋㅋㅋㅋㅋㅋㅋㅋㅋㅋㅋㅋㅋㅋㅋㅋㅋㅋㅋㅋ,j,,,
ㅋㅋㅋㅋㅋㅋㅋㅋㅋㅋㅋㅋㅋㅋㅋㅋㅋㅋㅋㅋㅋㅋㅋㅋㅋㅋ,j,,,
ㅋㅋㅋㅋㅋㅋㅋㅋㅋㅋㅋㅋㅋㅋ,j,,,
?????????????,q,,,
ㅋㅋㅋㅋㅋㅋㅋㅋㅋㅋㅋㅋㅋㅋㅋㅋㅋㅋ,j,,,
ㅋㅋㅋㅋㅋㅋㅋㅋㅋㅋㅋㅋㅋㅋㅋㅋㅋㅋㅋㅋㅋㅋㅋㅋ,j,,,
깜짝아,su,,,
ㅋㅋㅋㅋㅋㅋㅋㅋㅋㅋ,j,,,
노래 귀여워ㅋㅋㅋㅋ,j,,,
ㅋㅋㅋㅋㅋㅋㅋㅋㅋㅋㅋㅋㅋㅋㅋㅋㅋㅋㅋ,j,,,
ㅅㄴㅅㄴㅅㄴㅅㄴ,n,,,
ㅋㅋㅋㅋㅋㅋㅋㅋㅋㅋㅋㅋㅋㅋㅋㅋㅋㅋㅋㅋㅋㅋ,j,,,
ㅋㅋㅋㅋ노래ㅋㅋㅋ 기엽다,j,,,
아니ㅋㅋㅋㅋㅋㅋㅋㅋㅋㅋㅋㅋㅋㅋㅋ,j,,,
아니 이게 뭐람,n,,,
????,q,,,
ㅋㅋㅋㅋㅋㅋㅋㅋㅋㅋㅋㅋㅋㅋㅋㅋㅋㅋㅋㅋㅋㅋㅋㅋㅋㅋㅋㅋㅋㅋㅋㅋ,j,,,
아 깜짝놀랐넼ㅋㅋㅋㅋㅋㅋㅋㅋㅋㅋㅋㅋㅋ,j,,,
ㅋㅋㅋㅋㅋㅋㅋㅋㅋㅋㅋㅋㅋㅋㅋㅋㅋㅋㅋㅋㅋㅋㅋㅋㅋㅋㅋㅋㅋ,j,,,
?ㅋㅋㅋㅋㅋㅋㅋㅋㅋ,j,,,
?ㅋㅋㅋㅋㅋㅋㅋㅋㅋㅋㅋㅋㅋㅋㅋㅋㅋㅋㅋㅋㅋㅋㅋㅋ,j,,,
떡볶이??,n,,,
ㅅㄴㅅㄴ,n,,,
ㅋㅋㅋㅋㅋㅋㅋㅋㅋㅋㅋ,j,,,
아 개웃기넼ㅋㅋㅋㅋㅋㅋㅋㅋㅋㅋㅋㅋㅋㅋㅋㅋㅋㅋㅋㅋ,j,,,
오늘 떡볶이 컨셉이네....,n,,,
아 개웃겨,j,,,
ㅋㅋㅋㅋㅋㅋㅋㅋㅋㅋㅋㅋㅋㅋㅋㅋㅋ,j,,,
아낰ㅋㅋㅋㅋㅋㅋㅋㅋㅋㅋㅋ,j,,,
와 노래 넘 좋다,n,,,
ㅅㄴㅅㄴ!!!!!!!!!!!!,n,,,
ㅋㅋㅋㅋㅋㅋㅋㅋㅋ,j,,,
딱선준ㅋㅋㅋ,n,,,
아니 이게 뭐야 ㅋㅋㅋㅋㅋㅋㅋㅋㅋㅋㅋㅋㅋㅋㅋㅋㅋㅋㅋㅋㅋㅋㅋㅋㅋㅋㅋㅋㅋㅋㅋㅋㅋㅋㅋㅋㅋㅋ,j,,,
ㅋㅋㅋㅋㅋㅋㅋ,j,,,
ㅅㄴㅅㄴ,n,,,
ㅋㅋㅋㅋㅋㅋㅋㅋㅋㅋㅋㅋㅋㅋㅋㅋㅋㅋㅋㅋㅋㅋㅋㅋㅋㅋㅋㅋㅋㅋㅋ,j,,,
노래 뭐야 ㅋㅋㅋㅋㅋㅋㅋㅋㅋㅋㅋㅋㅋㅋㅋ,j,,,
)),n,,,
??,q,,,
오오뎅을~ 파는 아줌마~~~,n,,,
머야,n,,,
떡볶이 시킴ㅋㅋㅋㅋㅋㅋㅋㅋㅋㅋㅋㅋㅋㅋㅋㅋㅋㅋㅋㅋㅋㅋㅋㅋㅋㅋㅋㅋㅋㅋㅋ,j,,,
ㅋㅋㅋㅌㅌㅋㅋㅋㅋㅋㅋㅋㅋㅋㅋㅋㅋ,j,,,
개웃겨ㅋㅋㅋㅋㅋㅋㅋㅋㅋㅋㅋㅋㅋㅋ,j,,,
ㅋㅋㅋㅋㅋㅋㅋㅋㅋㅋㅋㅋㅋㅋㅋㅋㅋㅋㅋㅋㅋㅋ,j,,,
이게뭐얔ㅋㅋㅋㅋㅋㅋㅋㅋ,j,,,
ㅋㅋㅋㅋㅋㅋㅋㅋㅋㅋ,j,,,
순대와~,n,,,
sunbaTwerk1 sunbaTwerk1,n,,,
떡볶이노래뭐얔ㅋㅋㅋㅋㅋㅋ,n,,,
노래 뭐야ㅋㅋㅋㅋㅋㅋㅋㅋㅋㅋㅋㅋㅋㅋㅋㅋㅋㅋㅋㅋㅋㅋ,j,,,
아니 노래 귀엽네....,n,,,
ㅋㅋㅋㅋㅋㅋㅋㅋㅋㅋㅋㅋㅋㅋㅋㅋㅋㅋㅋㅋㅋㅋㅋㅋㅋㅋㅋㅋㅋㅋㅋㅋㅋㅋㅋㅋㅋㅋㅋㅋㅋㅋㅋㅋㅋㅋㅋㅋㅋ,j,,,
아 절라귀여워 ㅋㅋㅋㅋㅋㅋㅋㅋㅋㅋㅋㅋ,j,,,
노래 뭐얔ㅋㅋㅋㅋㅋㅋㅋ,j,,,
뭐야 이노랜,n,,,
ㅋㅋㅋㅋㅋㅋㅋㅋㅋㅋㅋㅋㅋㅋ,j,,,
아 어이없어,n,,,
ㅅㄴㅅㄴ,n,,,
ㅋㅋㅋㅋㅋㅋㅋㅋㅋㅋㅋㅋㅋㅋㅋㅋㅋㅋㅋㅋㅋㅋㅋㅋㅋㅋㅋㅋ,j,,,
이거 찾느라 늦었나,n,,,
ㅋㅋㅋㅋㅋㅋㅋㅋㅋㅋ,j,,,
ㅋㅋㅋㅋㅋㅋㅋㅋㅋㅋㅋㅋㅋㅋ,j,,,
ㅋㅋㅋㅋㅋㅋㅋㅋㅋㅋㅋㅋㅋㅋㅋㅋㅋㅋㅋㅋㅋㅋㅋㅋㅋㅋㅋㅋㅋㅋㅋㅋㅋㅋ,j,,,
ㅋㅋㅋㅋㄱㅋㅋㄱㅋㄱㅋㅋㅋㄱㅋㄱㅋㅋㄱㅋㄱㅋㅋㄱㅋㅋㄱㅋㅋ,j,,,
ㅋㅋㅋㅋㅋㅋㅋㅋㅋㅋㅋㅋㅋㅋㅋㅋㅋㅋㅋ,j,,,
아닠ㅋㅋㅋㅋㅋㅋㅋㅋㅋㅋㅋㅋㅋㅋㅋ,j,,,
개띵곡이다,n,,,
이런노랜 어디서 찾는거에요 ㅋㅋㅋ,n,,,
ㅋㅋㅋㅋㅋㅋㅋㅋㅋㅋㅋㅋㅋㅋㅋㅋㅋㅋㅋㅋ,j,,,
노래 왜이럼ㅋㅋㅋㅋㅋㅋㅋㅋㅋㅋㅋㅋㅋㅋㅋㅋㅋㅋㅋㅋㅋ,j,,,
?ㅋㅋㅋㅋ,j,,,
선곡무엇ㅋㅋㅋㅋㅋㅋㅋㅋㅋㅋ,j,,,
뭔노래야??ㅋㅋㅋㅋㅋㅋㅋㅋㅋㅋㅋㅋ,j,,,
왜저랰ㅋㅋㅋㅋㅋㅋㅋㅋㅋㅋ,j,,,
개웃겨,j,,,
이런 노래도 있어?ㅋㅋㅋㅋㅋㅋ,j,,,
귀엽네요,n,,,
미치겠다 ㅋㅋㅋㅋㅋㅋㅋㅋㅋㅋ,j,,,
ㅋㅋㅋㅋㅋㅋㅋㅋㅋㅋㅋㅋㅋㅋ,j,,,
노래가 뭔데 잼민이다,n,,,
ㅋㅋㅋㅋㅋㅋㅋㅋㅋㅋㅋㅋㅋㅋㅋㅋㅋㅋㅋㅋ,j,,,
아낰ㅋㅋㅋㅋㅋㅋㅋㅋㅋㅋㅋㅋㅋㅋㅋㅋㅋ,j,,,
ㅅㄴ,n,,,
ㅋㅋㅋㅋㅋㅋㅋㅋㅋㅋㅋㅋㅋㅋㅋㅋ,j,,,
이런 노래는 어케 찾은거ㅋㅋㅋㅋㅋㅋ,j,,,
((,n,,,
ㅋㅋㅋㅋㅋㅋㅋㅋㅋㅋㅋㅋㅋㅋㅋ,j,,,
미친ㅋㅋㅋㅋㅋㅋ,j,,,
오방화 ㅋㅋㅋㅋㅋㅋㅋㅋㅋㅋㅋㅋㅋㅋㅋㅋ,j,,,
떡뻐낐와 오뎅을 파는 아즘마~,n,,,
ㅋㅋㅋㅋㅋㅋㅋㅋㅋㅋㅋㅋㅋㅁㅊ,j,,,
ㅋㅋㅋ,j,,,
((,n,,,
오뎅이 아닙니다 어묵입니다 (엄근진),n,,,
떡볶이 노래..?,n,,,
ㅅㄴㅅㄴ,n,,,
ㅋㅋㅋㅋㅋㅋㅋㅋㅋㅌㅌ,j,,,
ㅋㅋㅋㅋㅋ,j,,,
이거 유튜부에 잇던노래잔아여,n,,,
sunbaTwerk1 sunbaTwerk1 sunbaTwerk1,n,,,
왜안팔아요,n,,,
ㅋㅋㅋㅋㅋㅋㅋㅋㅋㅋㅋㅋㅋㅋㅋㅋㅋㅋㅋㅋㅋㅋㅋ,j,,,
아 노래 개귀엽다 ㅋㅋㅋㅋㅋㅋㅋㅋㅋㅋㅋㅋㅋㅋㅋㅋㅋ,j,,,
앜ㅋㅋㅋㅋㅋㅋㅋ,j,,,
ㅋㅋㅋㅋㅋㅋㅋㅋㅋㅋㅋㅋㅋㅋㅋㅋㅋㅋㅋㅋㅋㅋㅋㅋㅋㅋㅋㅋ,j,,,
아니 ㅋㅋㅋㅋㅋㅋㅋㅋㅋㅋㅋㅋㅋㅋㅋㅋㅋㅋㅋㅋㅋㅋㅋㅋㅋㅋㅋㅋ,j,,,
)),n,,,
ㅋㅋㅋㅋㅋㅋㅋㅋㅋㅋㅋㅋㅋㅋㅋㅋ,j,,,
????ㅋㅋㅋㅋㅋㅋㅋㅋㅋㅋㅋㅋㅋㅋㅋㅋㅋ,j,,,
ㅋㅋㅋㅋㅋㅋㅋㅋㅋㅋㅋㅋㅋㅋㅋㅋ,j,,,
아 개웃겨ㅋㅋㅋㅋㅋㅋㅋㅋㅋㅋㅋㅋㅋ,j,,,
이거 고르려고 늦었구만....,n,,,
ㅋㅋㅋㅋㅋㅋㅋㅋㅋㅋㅋㅋㅋㅋㅋㅋㅋㅋㅋ,j,,,
뭐야,n,,,
)),n,,,
노래 찾으느라 늦으셨구만?,n,,,
뭔노래에욬ㅋㅋㅋㅋㅋㅋㅋㅋㅋㅋㅋㅋㅋㅋㅋ,j,,,
아 개웃겨 진짴ㅋㅋ센스 오진다 선바,j,,,
달지 아나요~,n,,,
이게뭐에요,n,,,
ㅅㄴㅅㄴ,n,,,
((,n,,,
ㅋㅋㅋㅋㅋㅋ,j,,,
ㅅㄴㅅㄴㅅㄴㅅㄴㅅㄴ,n,,,
)),n,,,
아니ㅋㅋㅋㅋㅋㅋㅋㅋ,j,,,
ㅋㅋㅋㅋㅋㅋㅋㅋㅋㅋㅋㅋㅋㅋㅋㅋㅋㅋ,j,,,
이게 뭐여 ㅋㅋㅋㅋㅋㅋㅋㅋㅋㅋ,j,,,
ㅅㄴㅅㄴ,n,,,
며용ㅋㅋㅋㅋㅋㅋㅋㅋㅋㅋㅋㅋㅋㅋ,j,,,
아 순대 ㄲㅂ,n,,,
노래모얔ㅋㅋㅋㅋㅋㅋㅋㅋ,j,,,
ㅋㅋㅋㅋㅋㅋㅋㅋㅋㅋㅋㅋㅋㅋㅋㅋㅋㅋㅋㅋㅋㅋㅋㅋㅋㅋㅋㅋㅋㅋㅋㅋㅋㅋㅋㅋㅋ,j,,,
ㅋㅋㅋㅋㅋㅋㅋㅋㅋㅋㅋㅋㅋㅋㅋㅋㅋㅋㅋㅋㅋㅋ,j,,,
ㅋㅋㅋㅋㅋㅋㅋㅋㅋㅋㅋㅋㅋㅋ,j,,,
노래 개귀엽네,n,,,
머임ㅋㅋㅋㅋㅋㅋㅋ,j,,,
노래 개신박해ㅋㅋㅋㅋㅋㅋㅋㅋ,j,,,
오늘 떡볶이드세요?,n,,,
떡복이만 시키셨군요,n,,,
개귀야웤ㅋㅋㅋㅋㅋㅋㅋㅋㅋㅋㅋㅋㅋㅋㅋ,j,,,
)),n,,,
순대랑 튀김 왜ㅜ안팔음 ㅠㅠ,n,,,
ㅇㄴㅋㅋㅋㅋㅋㅋㅋㅋㅋㅋㅋㅋㅋㅋㅋㅋㅋㅋㅋㅋㅋㅋㅋㅋㅋㅋㅋㅋㅋㅋㅋㅋㅋㅋㅋㅋㅋㅋㅋㅋㅋㅋㅋㅋ,j,,,
ㅋㅋㅋㅋㅋㅋㅋㅋㅋㅋㅋㅋㅋㅋㅋㅋㅋㅋ,j,,,
아 노래 뭐야 ㅋㅋㅋㅋㅋㅋㅋㅋㅋㅋ,j,,,
이게뭐야 ㅋㅋㅋㅋㅋㅋㅋㅋㅋㅋㅋㅋ,j,,,
??튀김 팔아줘ㅠ,n,,,
((,n,,,
ㅋㅋㅋㅋㅋㅋㅋㅋㅋㅋㅋㅋㅋㅋㅋㅋㅋ개웃곀ㅋㅋㅋ,j,,,
제목이 곧 노래군요,n,,,
ㅋㅋㅋㅋㅋㅋㅋㅋㅋㅋㅋㅋㅋㅋㅋㅋㅋㅋㅋㅋㅋㅋㅋㅋ,j,,,
노래 너무 귀여운데여,n,,,
ㅋㅋㅋㅋㅋㅋㅋㅋㅋㅋㅋㅋㅋ,j,,,
ㅅㄴㅅㄴ,n,,,
노래 귀엽다,n,,,
((,n,,,
)),n,,,
이게뭐야ㅋㅋㅋㄹㅋㄹㅋㅋㅋ,j,,,
노래 찾느라 늦엇쬬 ㅋㅋㅋㅋㅋㅋㅋㅋㅋㅋㅋㅋㅋㅋㅋㅋㅋㅋㅋㅋㅋㅋㅋㅋ,j,,,
이게 뭐야 ㅋㅋㅋㅋㅋㅋㅋㅋㅋㅋㅋ,j,,,
ㅋㅋㅋㅋㅋㅋㅋㅋㅋ,j,,,
아니ㅋㅋㅋㅋㅋㅋㅋ,j,,,
오에에에엥??????,su,,,
)),n,,,
sunbaTwerk sunbaTwerk,n,,,
이 노랜 또 무어ㅑ,n,,,
노래 뭐야 ㅋㅋㅋㅋㅋㅋㅋㅋㅋㅋㅋㅋㅋㅋㅋ,j,,,
달지 아나요~~,n,,,
아개웃기네,n,,,
노래 진짜 ㅋㅋㅋㅋㅋㅋㅋㅋㅋㅋㅋ,j,,,
떡볶이 드시고 싶으세요?,n,,,
튀김도 있어야지...,n,,,
노래 개귀여워,n,,,
이거 전에 얘기했던 그거네여,n,,,
아니 노랰ㅋㅋㅋㅋㅋㅋㅋㅋㅋㅋㅋㅋㅋㅋㅋ,j,,,
요요,n,,,
노래 센스 무엇ㅋㅋㅋㅋㅋㅋㅋㅋㅋㅋㅋㅋㅋㅋ,j,,,
노래찾느라 늦었네,n,,,
선바님 오늘 떡볶이 준비하셨나욬ㅋㅋㅋㅋㅋㅋㅋㅋㅋㅋㅋㅋㅋㅋㅋㅋㅋㅋㅋㅋㅋㅋ,j,,,
ㅋㅋㅋㄱㅋㅋㄲㅋㄱㅋㄱㅋㄲㅋㄱㅋㄱㅋㄱㅋㄱㅋㄱㅋㅋ,j,,,
노래뭐얔ㅋㅋㅋㅋㅋㅋㅋㅋ,j,,,
먹고싶은데ㅜㅜㅋㅋㅋㅋㅋㅋ,j,,,
요요요,n,,,
어디서 찾아오셨댘ㅋㅋㅋ,j,,,
딱뻑이아,n,,,
노래 뭐야,n,,,
아 개웃겨ㅠㅠ큐큐큐큨ㅋㅋㅋㅋ,j,,,
ㅅㄴㅅㄴ,n,,,
뭐여 어디서 찾은 노래얔ㅋㅋㅋㅋㅋㅋㅋㅋㅋㅋㅋ,j,,,
...ㅋㅋㅋㅋㅋㅋ,j,,,
요요요,n,,,
ㅋㅋㅋㅋㅋㅋㅋㅋㅋㅋㅋㅋㅋㅋ,j,,,
선바님 선생님이 지으신노래,n,,,
((,n,,,
ㅋㅋㅋㅋㅋㅋㅋㅋㅋㅋㅋㅋ아니,j,,,
뭐야,n,,,
ㅇㄴㅋㅋㅋㅋㅋㅋㅋㅋㅋㅋㅋㅋㅋ,j,,,
순대 주세요,n,,,
ㅋㅋㅋㅋㅋㅋㅋㅋ,j,,,
ㅋㅋㅌㅋㅋㅋㅋㅋㅋㅋㅋㅋㅋ,j,,,
이게 뭐야 ㅋㅋㅋㅋㅋㅋㅋㅋㅋㅋㅋㅋㅋㅋㅋㅋㅋㅋㅋㅋㅋㅋㅋ,j,,,
요요요요,n,,,
ㅋㅋㅋㅋㅋㅋㅋㅋㅎㅋㅎㅋㅎㅎㅋㅎㅋㅎㅌㅎㅌㅌ,j,,,
ㅋㅋㅋㅋㅋㅋㅋㅋㅋㅋㅋ,j,,,
((,n,,,
((,n,,,
ㅋㅋㅋㅋㅋㅋㅋㅋㅋㅋㅋㅋㅋㅋㅋ,j,,,
엌ㅋㅋㅋㅋㅋㅋㅋㅋ,j,,,
ㅋㅋㅋㅋㅋㅋㅋㅋㅋㅋㅋㅋ,j,,,
ㅇㄴㅋㅋㅋㅋㅋㅋㅋㅋㅋㅋㅋㅋㅋㅋㅋㅋㅋㅋㅋㅋㅋㅋㅋㅋㅋㅋㅋㅋㅋㅋㅋㅋ,j,,,
뭐야ㅋㅋㅋㅋㅋㅋㅋㅋ,j,,,
랩도있네,n,,,
)),n,,,
않아!,n,,,
ㅇㄴㅋㅋㅋㅋㅋㅋㅋㅋㅋㅋㅋㅋㅋㅋㅋㅋㅋㅋㅋ,j,,,
튀김 왜 안팔아,n,,,
ㅋㅋㅋㅋㅋㅋㅋㅋㅋㅋㅋㅋㅋㅋㅋㅋㅋㅋㅋㅋㅋㅋㅋㅋㅋㅋㅋㅋㅋㅋㅋㅋㅋㅋ,j,,,
요요요,n,,,
기여워ㅠㅠㅠㅠㅠㅠㅠㅠㅠㅠㅠㅠㅠㅠㅠㅠ,n,,,
((,n,,,
ㅋㅋㅋㅋㅋㅋㅋ,j,,,
노래 뭐야 ㅋㅋㅋㅋㅋㅋㅋㅋ,n,,,
((,n,,,
노래 완이즈잇?,n,,,
ㅋㅋㅋㅋㅋㅋㅋㅋㅋㅋㅋㅋ,j,,,
((,n,,,
혼란하다,n,,,
)),n,,,
순대와 튀김은 안드시나,n,,,
)),n,,,
아닠ㅋㅋㅋㅋㅋㅋㅋㅋㅋㅋㅋㅋㅋㅋㅋㅋㅋ이게 대체 뭔 노래야,n,,,
와~~,n,,,
ㅋㅋㅋㅋㅋㅋㅋㅋㅋ,j,,,
노래 귀엽다 ㅋㅋㅋㅋㅋㅋㅋㅋㅋㅋㅋㅋㅋㅋㅋㅋㅋ,j,,,
순대랑 튀김을 안팔아?,n,,,
)),n,,,
ㅋㅋㅋㅋㅋㅋㅋㅋㅋㅋㅋㅋㅋㅋㅋㅋㅋㅋㅋㅋㅋㅋㅋㅋㅋㅋㅋㅋㅋㅋㅋㅋ,j,,,
이런노래는 어케 찾은겨..,n,,,
그치 오뎅보단 떡이지,n,,,
)),n,,,
먹꼬,n,,,
이런 노래도 있나,n,,,
아나요~~,n,,,
ㅇㄴ,n,,,
서나,n,,,
ㅋㅋㅋㅋㅋㅋㅋㅋㅋㅋㅋㅋㅋㅋ,j,,,
서나서나~~,n,,,
ㅋㅋㅋㅋㅋㅋㅋㅋㅋㅌㅌㅌㅌㅌㅌㅋㅋㅋㅋㅋ,j,,,
ㅋㅋㅋㅋㅋㅋㅋㅋㄱㅋㄱㄱㅋㅋㅋㄱ,j,,,
노래 센스 좋네요,n,,,
아닠ㅋㅋㅋㅋ,n,,,
((,n,,,
랩 뭐야ㅋㅋㅋㅋㅋㅋㅋㅋㅋㅋㅋㅋㅋㅋㅋㅋ,j,,,
ㅋㅋㅋㅋㅋㅋㅋㅋㅋㅋㅋㅋㅋㅋㅋㅋㅋㅋㅋㅋㅋ,j,,,
엌ㅋㅋㅋㅋㅋㅋㅋㅋㅋㅋㅋㅋ,j,,,
ㅋㅋㅋㅋㅋㅋㅋㅋㅋㅋㅋㅋㅋㅋㅋㅋㅋㅋㅋㅋㅋㅋㅋㅋㅋㅋㅋ,j,,,
)],n,,,
개웃걐ㅋㅋㅋㅋㅋㅋㅋㅋㅋㅋㅋ,j,,,
순대도...!,n,,,
ㅋㅋㅋㅋㅋㅋㅋㅋㅋㅋㅋㅋㅋㅋㅋㅋㅋㅋㅋㅋ,j,,,
((,n,,,
ㅋㅎㅋㅎㅋㅎㅋㅎㅋㅎㅋㅎㅋㅎㅋㅎㅋㅎㅋㅎ,j,,,
ㅋㅋㅋㅋㅋㅋㅋㅋㅋㅋㅋㅋㅋㅋㅋㅋㅋㅋㅋ,j,,,
ㅅㄴㅅㄴㅅㄴ,n,,,
ㅋㅋㅋㅋㅋㅋㅋㅋㅋㅋㅋㅋ,j,,,
sunbaTwerk sunbaTwerk,n,,,
)),n,,,
((,n,,,
ㅋㅋㅋㅋㅋㅋ아니 ㅋㅋㅋ,j,,,
ㅋㅋㅋㅋㅋㅋㅋㅋㅋㅋ,j,,,
노래뭐야ㅋㅋㅋㅋㅋㅋㅋㅋㅋ,j,,,
요요요,n,,,
ㅋㅋㅋㅋㅋㅋㅋㅋㅋㅋㅋㅋㅋㅋㅋㅋㅋㅋㅋㅋㅋㅋㅋ,j,,,
요요요,n,,,
갓곡이다,n,,,
아 개귀엽네 노래ㅑ 진짜,n,,,
떡볶이~,n,,,
)),n,,,
((,n,,,
센스,n,,,
팔리지 않아~,n,,,
ㅅㄴㅅㄴ,n,,,
떡볶이 시켜서 신난듯ㅋㅋㅋㅋㅋㅋㅋㅋㅋㅋㅋㅋㅋㅋㅋㅋㅋ,j,,,
((,n,,,
)),n,,,
전 오뎅 좋아해요,n,,,
노래 개겹따 ㅋㅋㅋㅋㅋㅋㅋㅋㅋㅋㅋㅋ,j,,,
ㅇㅈㅇㅈ 오뎅 개노맛,n,,,
와우오아,n,,,
ㅋㅋㅋㅋㅋ전개무엇,j,,,
ㅋㅋㅋㅋㅋㅋㅋㅋㅋㅋㅋㅋㅋㅋㅋ,j,,,
)),n,,,
와 이노래를 아시다니 같은 세대란 말인가..,n,,,
)),n,,,
떡떡,n,,,
((,n,,,
ㅅㄴㅅㄴㅅㄴ,n,,,
오마깟...,n,,,
요요요!!,n,,,
"이런 노래가 있구나,,,",n,,,
ㅋㅋㅋㅋㅋㅋㅋㅋㅋㅋㅋㅋㅋㅋ이게 모야 기여워 ㅋㅋㅋㅋㅋㅋㅋㅋ,j,,,
ㅋㅋㅋㅋㅋ노래 귀여워,j,,,
노래 귀엽다,n,,,
예이에,n,,,
ㅋㅋㅋㅋㅋㅋ꙼̈ㅋ̆̎ㅋ̐̈ㅋ̊̈ㅋ꙼̈ㅋㅋㅋㅋㅋㅋㅋㅋㅋㅋㅋㅋ,n,,,
왜 떡볶이만 팔아,n,,,
오뎅도 사랑해주세요,n,,,
튀김도 먹어줘,n,,,
노래 뭐얔ㅋㅋㅋㅋㅋㅋㅋㅋㅋㅋ,j,,,
ㅋㅋㅋㅋㅋㅋㅋㅋㅋㅋㅋㅋ아개웃기네,j,,,
요요요,n,,,
)),n,,,
노래개귀엽 ㅋㅋㅋㅋ,j,,,
((,n,,,
이런노래는 도대체 어디서 찾아옷;는ㅋㅋㅋㅋㅋㅋㅋㅋㅋㅋㅋㅋㅋㅋㅋㅋㅋㅋㅋㅋ,j,,,
오뎅도 팔리는뎅...,n,,,
워우워~~,n,,,
아 개웃겨,j,,,
예이예,n,,,
이런노래 어케찾았어여ㅋㅋㅋㅋㅋㅋ,j,,,
요요요,n,,,
노래가 좋아서 더 웃겨...,n,,,
ㅅㄴㅅㄴ,n,,,
)),n,,,
ㅅㄴㅅㄴㅅㄴㅅㄴ,n,,,
아니...귀여워....(?),n,,,
ㅘㅜㅘ,n,,,
예이예~,n,,,
예이에,n,,,
이걸 찾아오셨네 ㅋㅋㅋㅋㅋ,n,,,
신난다,n,,,
워우어,n,,,
ㅋㅋㅋㅋㅋㅋㅋㅋㅋㅋㅋㅋㅋㅋㅋㅋㅋㅋㅋ,j,,,
sunbaTwerk sunbaTwerk1 sunbaTwerk sunbaTwerk1,n,,,
노래가 기엽다,n,,,
귀엽다 귀여워ㅋㅋ,n,,,
예이예,n,,,
귀여워요 ㅋㅋㅋㅋㅋㅋㅋㅋㅋㅋㅋㅋㅋㅋㅋㅋㅋㅋㅋㅋ,n,,,
와우와~,n,,,
갬넘이 동심이로 두근,n,,,
노래 ㄱㅇㅇ,n,,,
예에~~-,n,,,
ㅅㄴㅅㄴ,n,,,
와 랩도 있어 귀여웤ㅋㅋㅋㅋㅋ,n,,,
ㅅㄴㅅㄴㅅㄴ,n,,,
ㅋㅋㄱㅋㅋㅋㅋㅋㅋㅋㄱㄱㅅㄴㅅㄴ,j,,,
예이ㅖ,n,,,
오뎅 맛있는뎅..,n,,,
워우워,n,,,
서나,n,,,
ㅋㅎㅋㅎㅋㅅㅋㅎㅋㅎㅋㅎㅋㅎㅋㅎ,j,,,
ㅋㅋㅋㅋㅋㅋㅋㅋㅋㅋㅋㅋ예이예,j,,,
떡이 맛있다 이말이야,n,,,
와우와,n,,,
ㅅㄴㅅㄴ~~~~,n,,,
아 짘짜 ㅋㅋㅋㅋㅋㅋㅋㅋㅋㅋㅋㅋㅋㅋㅋㅋㅋㅋ,j,,,
ㅋㅋㅋㅋㅋㅋㅋㅋㅋㅋㅋㅋㅋㅋㅋㅋㅋㅋㅋㅋㅋㅋㅋ,j,,,
오늘 먹방 떡볶ㄷ이인가,n,,,
순대도 먹어줘,n,,,
뭐얔ㅋㅋㅋㅋㅋㅋㅋㅋ,n,,,
아 개웃겨,n,,,
?,n,,,
ㅋㅋㅋㅋㅋㅋㅋㅋㅋㅋㅋㅋㅋㅋㅋㅋㅋㅋㅋㅋㅋㅋㅋㅋㅋㅋㅋㅋㅋㅋ,j,,,
예이예,n,,,
노래 넘 깜찍하네,n,,,
ㅋㅋㅋㅋㅋㅋㅋㅋㅋㅋㅋㅋㅋㅋㅋㅋㅋㅋㅋ,j,,,
저도 떡볶이 주세요,n,,,
워우워,n,,,
아 귀여워ㅋㅋㅋㅋ,n,,,
ㅋㅋㅋㅋㅋㅋㅋㅋㅋㅋㅋㅋㅋㅋㅋㅋㅋㅋㅋ,j,,,
ㅅㄴㅅㄴㅅㄴ,n,,,
소선생님 떡보끼인가요?ㅋㅋ,n,,,
sunbaCu1 sunbaCu2 sunbaCu3,n,,,
예에에에에에,n,,,
ㅋㅋㅋㅋㅋㅋㅋㅋㅋㅋㅋㅋㅋㅋㅋㅋㅋㅋㅋㅋㅋㅋㅋㅋㅋ,j,,,
워우워,n,,,
?,n,,,
??,n,,,
워우워,n,,,
와우와,n,,,
않아!,n,,,
?,n,,,
ㅅㄴㅅㄴ~~,n,,,
ㅋㅎㅋㅎㅋㅎㅋㅎㅋㅎㅋ,j,,,
?,n,,,
오늘 떡볶이 드시나,j,,,
ㅋㅎㅋㅎㅋㅎㅋㅎㅋㅎㅋㅎㅋ,j,,,
ㅋㅋㅋㅋㅋㅋㅋㅋㅋㅋ,j,,,
ㅋㅋㅋㅋㅋㅋㅋㅋㅋㅋㅋㅋㅋㅋㅋㅋㅋㅋㅋㅋㅋㅋ,j,,,
이게 뭐야ㅜㅜㅜ,n,,,
떡볶이 드시나용요용?!?!?!,n,,,
ㅋㅋㅋㅋㅋㅋㅋㅋㅋㅋㅋㅋㅋㅋㅋㅋㅋㅋㅋㅋㅋㅋㅋㅋㅋㅋㅋㅋㅋㅋㅋㅋㅋ,j,,,
"이노래뭐야,,,,,,,,,,",n,,,
??,q,,,
목소리 기여워,n,,,
뭐야 ㅋㅋㅋㅋㅋㅋ,n,,,
기여워김선바ㅠㅠㅠㅠㅠㅠㅠㅠㅠㅠㅠㅠㅠㅠㅠㅠㅠㅠ,n,,,
?,q,,,
아줌마5,n,,,
???,q,,,
ㅋㅋㅋㅋㅋㅋㅋㅋㅋㅋㅋㅋㅋㅋㅋㅋㅋㅋㅋㅋㅋㅋㅋㅋㅋㅋㅋㅋㅋ,j,,,
뭐여,n,,,
ㅋㅋㅋㅋㅋㅋㅋ,j,,,
....?,q,,,
??,q,,,
이런 노래는 어디서 찾는것이죠?,n,,,
선넘는 분식집이네 순대랑 튀김이 없대,n,,,
ㅅㄴㅅㄴ,n,,,
떡볶이 맛있겠다,n,,,
?,q,,,
이게뭐옄ㅋㅋㅋㅋㅋㅋㅋㅋㅋㅋㅋㅋ,n,,,
?,q,,,
노래제목알려조요,n,,,
튀김도 팔아주세요,n,,,
??,q,,,
왜 감미롭게 불러,n,,,
뭐야 감미로워,n,,,
????????????????????,q,,,
ㅋㅋㅋㅋㅋㅋㅋㅋㅋ,n,,,
개웃겨,j,,,
ㅋㅋㅋㅋㅋㅋㅋㅋㅋㅋㅋㅋㅋ??,j,,,
노래귀엽잖앜ㅋㅋㅋㅋ,j,,,
야야야~,n,,,
???,q,,,
ㅋㅋㅋㅋㅋㅋㅋㅋㅋㅋㅋㅋㅋㅋㅋㅋㅋ,j,,,
ㅋㅋㅋㅋㅋㅋㅋㅋㅋㅋㅋ,j,,,
ㅋㅋㅋㅋㅋㅋㅋㅋㅋ,j,,,
예이예,n,,,
???,q,,,
ㅋㅋㅋㅋㅋㅋㅋㅋㅋㅋㅋㅋㅋㅋㅋㅋㅋㅋㅋㅋㅋ,j,,,
????????,q,,,
야이야이야~~~,n,,,
????,q,,,
감미로운거봐;;,n,,,
야이야이얄,n,,,
ㅋㅋㅋㅋㅋㅋㅋㅋㅋㅋㅋㅋㅋㅋㅋㅋㅋㅋ,j,,,
ㅋㅋㅋㅋㅋㅋㅋㅋㅋㅋㅋㅋㅋㅋㅋㅋㅋㅋㅋㅋㅋㅋㅋㅋㅋ,j,,,
ㅋㅋㅋㅋㅋㅋㅋㅋㅋㅋ,j,,,
대체 뭐지..?,n,,,
야이야이야~~,n,,,
?????,q,,,
아낰ㅋㅋㅋㅋㅋ,j,,,
ㅋㅋㅋㅋㅋㅋㅋㅋㅋ,j,,,
착잡하다..,n,,,
??,q,,,
ㅋㅋㅋㅋㅋㅋㅋㅋㅋㅋ,j,,,
아낰ㅋㅋㅋㅋㅋㅋㅋㅋㅋㅋㅋ,j,,,
개귀야워,n,,,
ㅋㅋㅋㅋㅋㅋㅋㅋㅋㅋㅋㅋㅋㅋㅋㅋㅋㅋㅋ,j,,,
????,q,,,
ㅋㅋㅋㅋㅋㅋㅋㅋㅋㅋㅋㅋㅋ아개웃겨,j,,,
???,q,,,
야이야이야,n,,,
떡볶이 가지고 이런 노래를,n,,,
오뎅 맛있는데,n,,,
야이야이야~~~,n,,,
ㅅㄴㅅㄴ,n,,,
ㅅㄴㅅㄴㅅㄴㅅㄴㅅㄴ,n,,,
ㅋㅋㅋㅋㅋㅋㅋㅋㅋㅋㅋㅋㅋㅋㅋㅋㅋㅋㅋㅋㅋㅋㅋㅋㅋㅋㅋㅋㅋㅋㅋㅋㅋㅋㅋ,j,,,
....??????,q,,,
ㅁ뭐야 쓸데없이 감미로워,n,,,
워우어,n,,,
야야야,n,,,
ㅑㅑㅑ,n,,,
야야야야,n,,,
익;ㅔ뭐야,n,,,
야야야~,n,,,
ㅋㅋㅋㅋㅋㄱ,j,,,
야이야이야~~,n,,,
야이야,n,,,
야이야ㅣㅇ야,n,,,
ㅋㅋㅋㅋㅋㅋㅋㅋㅋㅋㅋㅋㅋㅋㅋ,j,,,
ㅋㅋㅋㅋㅋㅋㅋ,j,,,
sunbaFire sunbaFire sunbaFire,n,,,
아 감미로워,n,,,
ㅅㄴㅅㄴ,n,,,
ㅑㅣㅑㅣㅑ,n,,,
이게 뭐야,n,,,
ㅋㅋㅋㅋㅋㅋㅋㅋㅋㅋㅋㅋㅋㅋㅋ,j,,,
아 개웃겨 진짜 ㅋㅋㅋㅋㅋㅋㅋㅋㅋㅋㅋㅋㅋㅋ,j,,,
ㅋㅋㅋㅋㅋㅋㅋㅋㅋㅋㅋㅋㅋㅋㅋㅋㅋㅋㅋㅋㅋㅋㅋ,j,,,
개웃기네 ㅋㅋㅋㅋㅋㅋㅋㅋㅋㅋㅋㅋ,j,,,
딱선준,n,,,
야야야~,n,,,
야이야이야~,n,,,
ㅋㅋㅋㅋㅋㅋㅋㅋㅋㅋㅋㅋㅋㅋㅋㅋㅋㅋㅋㅋ,j,,,
노래뭐얔ㅋㅋㅋㅋㅋㅋㅋㅋㅋㅋㅋㅋㅋㅋㅋ,j,,,
ㅅㄴㅅㄴㅅㄴ,n,,,
ㅋㅋㅋㅋㅋㅋㅋㅋㅋ오늘 먹방하신다고 이 노래 트신건가욬ㅋㅋㅋㅋㅋ,j,,,
ㅇㄴㅋㅋㅋㅋㅋㅋㅋㅋㅋㅋㅋㅋㅋ,j,,,
착잡...,n,,,
ㅋㅋㅋㅋㅋㅋㅋㅋㅋㅋㅋㅋㅋㅋㅋㅋㅋㅋㅋㅋㅋㅋㅋㅋㅋㅋㅋㅋㅋ,j,,,
)),n,,,
ㄹㅇ,n,,,
ㅋㅋㅋㅋㅋㅋㅋㅋ,j,,,
야이야이야,n,,,
ㅋㅋㅋㅋㅋㅋ,j,,,
뭐야 왜 감미로워,n,,,
?ㅋㅋㅋㅋㅋㅋㅋㅋㅋㅋㅋㅋㅋㅋ,j,,,
sunbaLaugh sunbaLaugh sunbaLaugh,n,,,
떡볶잌ㅋㅋㅋㅋㅋㅋㅋㅋㅋㅋㅋㅋㅋ,j,,,
맛나게~~,n,,,
ㅋㅋㅋㅋㅋㅋㅋㅋㅋㅋㅋㅋㅋㅋㅋㅋㅋㅋㅋㅋ,j,,,
ㄹㅇ,n,,,
ㅋㅋㅋㅋㅋㅋㅋㅋㅋㅋㅋㅋㅋㅋㅋㅋㅋㅋㅋㅋㅋㅋㅋㅋㅋㅋㅋㅋㅋ,j,,,
소선생님 여기 떡볶이 하나요,n,,,
노랰ㅋㅋㅋㅋㅋㅋㅋㅋㅋㅋㅋㅋㅋ,j,,,
ㄹㅇ,n,,,
ㅋㅋㅋㅋㅋㅋㅋㅋㅋㅋㅋㅋㅋㅋㅋㅋㅋㅋㅋㅋㅋㅋㅋㅋㅋㅋㅋㅋㅋ,j,,,
ㅋㅋㅋㅋㅋㅋㅋㅋ,j,,,
노래 넘 기엽다ㅜㅜ,n,,,
ㅋㅋㅋㅋㅋㅋㅋㅋㅋㅋㅋㅋㅋㅋ,j,,,
이런 노래는 어떻게 찾는거죠,n,,,
ㅋㅋㅋㅋㅋㅋㅋㅋㅋ,j,,,
노래 뭐여ㅋㅋㅋㅋㅋㅋㅋㅋㄱㄲ,j,,,
아닠ㅋㅋㅋㅋㅋㅋㅋㅋㅋㅋㅋㅋㅋㅋㅋㅋㅋㅋ,j,,,
ㅅㄴㅅㄴㅅㄴㅅㄴ,n,,,
ㅋㅋㅋㅋㅋㅋㅋㅋㅋㅋㅋㅋㅋㅋㅋㅋㅋㅋ,j,,,
ㅋㅋㅋㅋㅋㅋㅋㅋ,j,,,
ㅋㅋㅋㅋㅋㅋㅋㅋㅋㅋㅋㅋㅋㅋㅋㅋㅋㅋㅋㅋ,j,,,
HeyGuys HeyGuys HeyGuys HeyGuys HeyGuys,n,,,
ㅋㅋㅋㅋㅋㅋㅋㅋㅋㅋㅋㅋ,j,,,
ㄹㅇㄹㅇ,n,,,
ㄹㅇ,n,,,
ㅋㅌㅌㅋㅋㅌㅋㅋㅋㅋㅋㅋㅋ,j,,,
ㅋㅋㅋㅋㅋㅋㅋㅋㅋㅋㅋㅋ,j,,,
아닠ㅋㅋㅋㅋㅋㅋㅋㅋㅋㅋㅋㅋㅋㅋㅋㅋㅋㅋㅋㅋㅋㅋㅋㅋㅋㅋㅋㅋㅋㅋㅋㅋ,j,,,
개웃곀ㅋㅋㅋㅋㅋㅋㅋㅋㅋ,j,,,
아 너무웃겨,j,,,
ㅋㅋㅋ,j,,,
zzzzzzzzzzzzzz,j,,,
아니ㅋㅋㅋㅋㅋㅋㅋㅋ,j,,,
떡볶이 노랜가요,n,,,
진짜 김선바 노래로 웃기넼ㅋㅋㅋㅋㅋㅋㅋㅋㅋㅋㅋㅋ,n,,,
~!~!~,n,,,
ㅋㅋㅋㅋㅋㅋㅋㅋㅋㅋㅋㅋㅋㅋㅋㅋ,j,,,
ㅋㅋㅋㅋㅋㅋㅋㅋㅋㅋㅋㅋㅋㅋ,j,,,
ㄹㅇ,n,,,
..????,q,,,
ㅋㅋㅋㅋㅋㅋㅋㅋㅋㅋㅋㅋㅋㅋㅋㅋㅋㅋㅋㅋㅋㅋ,j,,,
ㅋㅋㅋㅋㅋㅋㅋㅋㅋㅋㅋㅋㅋㅋㅋㅋㅋㅋㅋ,j,,,
ㅋㅋㅋㅋㅋㅋㅋㅋㅋㅋㅋㅋㅋㅋㅋㅋㅋㅋㅋㅋㅋㅋㅋㅋㅋㅋㅋㅋㅋㅋㅋㅋㅋㅋㅋㅋㅋㅋㅋㅋㅋ,j,,,
떡볶이 ㅋㅋㅋㅋㅋㅋ,j,,,
ㅋㅋㅋㅋㅋㅋㅋ,j,,,
이맛이야~!,n,,,
ㅋㅋㅋㅋㅋㅋㅋㅋㅋㅋㅋㅋㅋ,j,,,
ㄹㅇ 웃고있을듯,n,,,
((,n,,,
ㅋㅋㅋㅋㅋㅋㅋㅋㅋㅋㅋㅋㅋㅋㅋㅋㅋㅋㅋㅋㅋㅋㅋㅋㅋ,j,,,
이 맛이야~~,n,,,
ㄹㅇ,n,,,
ㅋㅋㅋㅋㅋㅋㅋㅋㅋㅋㅋㅋㅋㅋㅋㅋ,j,,,
ㄹㅇ,n,,,
ㅋㅋㅋㅋㅋㅋㅋㅋㅋㅋㅋㅋㅋ,j,,,
아 개웃겨 ㅋㅋㅋㅋㅋㅋㅋ,j,,,
ㄹㅇ,n,,,
아 어이없어,n,,,
!업타임,n,,,
ㅋㅋㅋㅋㅋㅋㅋㅋㅋㅋㅋㅋㅋㅋㅋㅋㅋㅋㅋㅋㅋㅋㅋㅋㅋㅋㅋㅋㅋ,j,,,
ㅋㅋㅋㅋㅋㅋㅋㅋㅋㅋ,j,,,
ㅇㄴ ㅋㅋㅋㅋㅋㅋㅋㅋㅋㅋㅋ,j,,,
방송시간: 1 minute 54 seconds,n,,,
선바님 웃고있죸ㅋㅋ,n,,,
sunbaRomgok2 sunbaDdabong,n,,,
ㅇㅈㅇㅈ,n,,,
ㅋㅎㅋㅎㅋㅎㅎㅋㅎㅋㅋㅎㅎ,j,,,
ㄹㅇㅋㅋ,t,,,
ㅋㅋㅋㅋㅋㅋㅋㅋㅋㅋㅋㅋㅋㅋㅋㅋ,j,,,
ㅋㅋㅋㅋㅋㅋㅋㅋㅋㅋㅋ,j,,,
개웃기네,j,,,
ㅋㅋㅋㅋㅋㅋㅋㅋㅋㅋ,j,,,
!업타임,n,,,
ㅇㄴㅋㅋㅋㅋ듀엣ㅋㅋㅋㅋㅋㅋㅋㅋㅋㅋ,j,,,
ㅋㅋㅋㅋㅋㅋㅋㅋㅋㅋㅋㅋㅋㅋㅋㅋㅋㅋㅋ,j,,,
((,n,,,
방송 업타임: 0 시간 01 분 54 초,n,,,
ㄹㅇ ㅋㅋㅋㅋㅋㅋㅋㅋㅋㅋ,j,,,
ㅋㅋㅋㅋㅋㅋㅋㅋㅋㅋㅋㅋㅋㅋㅋㅋ,j,,,
((,n,,,
ㅋㅋㅋㅋㅋㅋㅋㅋㅋㅋㅋ,j,,,
ㄹㅇ,n,,,
ㄱㅇㄱㄴㅋㅋㅋㅋㅋㅋㅋㅋㅋㅋㅋ,j,,,
노래 개웃기네,n,,,
ㅋㅋㅋㅋㅋㅋㅋㅋㅋㅋㅋㅋㅋㅋ,j,,,
dkslanjdi,n,,,
떡볶이 귀여버,n,,,
노래 개좋아 ㅋㅋㅋㅋㅋㅋㅋㅋㅋ,j,,,
이마시야~,n,,,
맛에 이데아,n,,,
감미롭다,n,,,
"이런 노래는 어케 안 거ㅖ요,,,",n,,,
어디서 찾았어요ㅋㅋㅋㅋㅋㅋㅋㅋㅋㅋㅋㅋㅋ,j,,,
((,n,,,
ㅋㅋㅋㅋㅋㅋㅋㅋㅋㅋㅋㅋㅋㅋㅋㅋㅋㅋㅋ,j,,,
개웃기네,j,,,
)),n,,,
ㅋㅋㅋㅋㅋㅋㅋㅋㅋㅋㅋㅋㅋㅋㅋ,j,,,
ㅋㅋㅋㅋㅋㅋㅋㅋㅋㅋㅋㅋㅋ,j,,,
ㅋㅋㅋㅋㅋㅋㅋㅋㅋ,j,,,
))),n,,,
ㅋㅋㅋㅋㅋㅋㅋㅋㅋㅋㅋㅋㄱㅋㅋㅋㅋ,j,,,
뭔데...,n,,,
이마시야,n,,,
낄낄대공 ㅣㅆ을듯,n,,,
ㅋㅋㅋㅋㅋㅋㅋㅋㅋㅋㅋㅋㅋㅋ,j,,,
ㅋㅋㅋㅋㅋㅋㅋㅋㅋㅋㅋㅋㅋㅋㅋㅋㅋ,j,,,
선곡성공?,n,,,
이맛이야~!!!,n,,,
ㅋㅋㅋㅋㅋㅋㅋㅋㅋㅋㅋㅋㅋㅋㅋㅋㅋㅋㅋㅋㅋㅋㅋㅋㅋ,j,,,
ㅋㅋㅋㅋㅋㅋㅋㅋㅋㅋㅋㅋㅋㅋㅋㅋㅋㅋ,j,,,
개웃기네 ㅋㅋㅋㅋㅋㅋㅋㅋㅋㅋ,j,,,
야이야이야,n,,,
아 개웃겨 ㅋㅋㅋㅋㅋㅋㅋㅋㅋㅋㅋㅋㅋㅋㅋㅋㅋㅋㅋㅋㅋㅋㅋㅋㅋㅋㅋ,j,,,
)),n,,,
sunbaRomgok2 sunbaRomgok2 sunbaRomgok2,n,,,
ㅋㅋㅋㅋㅋㅋㅋㅋㅋㅋㅋㅋㅋㅋㅋㅋㅋㅋㅋㅋㅋㅋㅋㅋㅋ,j,,,
이 맛이야,n,,,
"ㅋㅋㅋㅋㅋㅋㅋㅋ 떡볶이드시나보네,,,",j,,,
ㅋㅋㅋㅋㅋㅋㅋㅋㅋㅋㅋㅋㅋ,j,,,
뭐야 이게 ㅋㅋㅋㅋㅋㅋㅋㅋㅋ,j,,,
ㅋㅋㅋㅋㅋㅋㅋㅋㅋㅋㅋㅋㅋㅋㅋㅋㅋ개웃겨,j,,,
sunbaPoop sunbaPoop sunbaPoop,n,,,
ㅋㅋ,j,,,
아개우곀ㅋㅋㅋㅋ,j,,,
ㅋㅋㅋㅋㅋㅋㅋㅋㅋㅋㅋㅋㅋㅋㅋㅋㅋ,j,,,
ㅅㄴㅅㄴㅅㄴㅅㄴ,n,,,
ㅋ,j,,,
)),n,,,
ㅋㅋㅋㅋㅋ,j,,,
아 ㅋㅋㅋㅋㅋㅋㅋㅋㅋㅋ,j,,,
ㅋㅋㅋㅋㅋㅋㅋㅋㅋㅋㅋㅋㅋㅋㅋㅋㅋㅋㅋㅋㅋㅋㅋㅋ,j,,,
아 개재밌다 시작분터,j,,,
ㅋㅋㅋㅋㅋㅋㅋㅋㅋㅋㅋㅋㅋㅋㅋㅋㅋㅋㅋㅋㅋㅋㅋ,j,,,
헤헷 떡볶이,n,,,
zzzzzzzzzzzzzzzzzzz,j,,,
ㅋㅋㅋㅋㅋㅋㅋㅋㅋㅋㅋㅋㅋㅋㅋㅋㅋㅋㅋㅋㅋㅋ,j,,,
오뎅들~,n,,,
((,n,,,
ㅋㅋㅋㅋㅋㅋㅋㅋㅋㅋㅋ,j,,,
랄라~~,n,,,
아 어이없어ㅋㅋㅋㅋㅋㅋㅋㅋㅋㅋㅋㄱ,j,,,
이게모얔ㅋㅋㅋㅋㅋㅋㅋㅋㅋㅋㅋㅋㅋㅋㅋㅋ,j,,,
아나 머임 진짜 ㅋㅋㅋㅋㅋㅋㅋㅋㅋㅋㅋㅋㅋㅋㅋ,j,,,
라라라라라,n,,,
이 맛!이야~,n,,,
랄랄라라ㅏ랄라ㅏ,n,,,
랄라라~,n,,,
깔깔,j,,,
이게 뭐여...,n,,,
개웃겨 미친ㅋㅋㅋㅋㅋㅋㅋㅋㅋㅋㅋㅋㅋ,j,,,
재밌다...,j,,,
ㅖㅣㅖ,n,,,
랄랄라라라~~~~,n,,,
ㅋㅋㅋㅋㅋㅋㅋㅋㅋㅋㅋㅋㅋㅋㅋㅋㅋㅋㅋㅋㅋㅋㅋ,j,,,
ㅋㅋㅋㅋㅋㅋㅋㅋㅋㅋㅋㅋㅋ,j,,,
와아아아,n,,,
랄ㄹ라랄ㄹㄹ,n,,,
ㅋㅋㅋㅋㅋㅋㅋㅋㅋ,j,,,
ㅋㅋㅋㅋㅋㅋㅋㅋㅋㅋㅋㅋㅋㅋㅋ,j,,,
ㅋㅋㅋㅋㅋㅋㅋㅋㅋㅋㅋㅋㅋㅋㅋㅋㅋㅋㅋㅋㅋㅋㅋㅋㅋㅋㅋㅋㅋㅋㅋㅋㅋㅋㅋㅋㅋㅋㅋㅋㅋㅋㅋㅋㅋㅋㅋ,j,,,
sunbaJang sunbaJang,n,,,
떡볶이 먹을 생각에 신나심?ㅋㅋㅋㅋㅋ,j,,,
ㅋㅋㄱㅋㄲㅋㄱㅋㄱㅋㄱㅋㄱㅋㄱㅋㄱㅋㄱㅋㄱㅋㄱㅋㄲㅋ,j,,,
랄라라ㅏ,n,,,
ㅋㅋㅋㅋㅋㅋㅋㅋㅋㅋㅋㅋㅋㅋㅋㅋㅋㅋㅋㅋㅋㅋㅋㅋㅋㅋㅋㅋㅋㅋㅋㅋㅋㅋㅋㅋ,j,,,
랄라라,n,,,
))ㅋㅋㅋㅋㅋㅋㅋㅋ,j,,,
sunbaRomgok2 sunbaRomgok2 sunbaRomgok2,n,,,
이런노래가 있다니;\.,n,,,
랄라라,n,,,
아놔,n,,,
"진짜 웃긴 사람,,,",n,,,
ㅋㅋㅋㅋㅋㅋㅋㅋ,j,,,
랄랄라,n,,,
랄라랄~,n,,,
ㄹ랄랄라,n,,,
이 맛이야~~,n,,,
랄라라,n,,,
랄라라~,n,,,
노래뭐야 귀여워 ㅋㅋㅋㅋㅋㅋㅋㅋㅋㅋㅋㅋㅋㅋㅋㅋㅋㅋㅋㅋ,j,,,
ㅇ와우워,n,,,
ㄹㄹㄹㄹㄹㄹㄹㄹㄹ,n,,,
선곡 개웃겨 ㅋㅋㅋㅋㅋㅋㅋㅋㅋㅋㅋㅋㅋㅋㅋㅋㅋㅋㅋㅋㅋㅋㅋㅋ,j,,,
랄랄라,n,,,
아 개웃겨,j,,,
ㅋㅋㅋㅋㅋㅋㅋㅋㅋㅋㅋㅋㅋ,j,,,
아저씨 이런노래 찾느라 늦었어요?ㅇㄴ,n,,,
랄라라..,n,,,
랄ㄹ라랄라랄,n,,,
((,n,,,
라라라라라라라라라랄,n,,,
럴랄라~,n,,,
예이예,n,,,
랄라라~,n,,,
라라랄ㄹ라라라,n,,,
랄라라라,n,,,
예이에,n,,,
ㅋㅋㅋㅋㅋㅋㅋㅋㅋㅋㅋㅋㅋㅋㅋㅋㅋㅋㅋㅋㅋㅋㅋㅋㅋㅋㅋㅋㅋㅋㅋㅋㅋㅋㅋ성공,j,,,
랄라라라라,n,,,
ㅋㅋㅋㅋㅋㅋㅋㅋㅋㅋㅋㅋㅋㅋㅋㅋㅋㅋㅋㅋㅋㅋㅋㅋㅋㅋㅋㅋ,j,,,
랄랄아앙ㅇ아~~,n,,,
ㄹㄹㄹㄹㄹ,n,,,
"개무서워요,,,",su,,,
?,q,,,
?,q,,,
와아아아아,n,,,
헐,su,,,
?,q,,,
헉,su,,,
?,q,,,
떠뽀기,n,,,
떡볶이 먹방,n,,,
ㅅㄴㅅㄴ,n,,,
체크 셔츠 무슨일 넘 예뻐요...,n,,,
아 진짜여?,n,,,
몰라요,n,,,
???,q,,,
?,q,,,
?,q,,,
와아아,n,,,
ㅋㅋㅋㅋㅋㅋㅋㅋㅋㅋㅋㅋㅋㅋㅋ,j,,,
헐,su,,,
앟,n,,,
???,q,,,
서나서나,n,,,
오늘 잘생겼어요...,n,,,
에,n,,,
??,q,,,
와 저 옷 오랜만,n,,,
네???,q,,,
헐,su,,,
아 헐,su,,,
오ㅓ,su,,,
ㅈㄴ짜요?,su,,,
넹?,n,,,
진짜요?,su,,,
모슨 떡보끼 ???,n,,,
서나서나,n,,,
헐,su,,,
?,q,,,
헐,su,,,
홀,su,,,
?,q,,,
헐!,su,,,
??????,q,,,
헐,su,,,
??,q,,,
진짜요?,su,,,
헐,su,,,
?,q,,,
??,q,,,
ㄹㅇ??,su,,,
헐,su,,,
헐???,su,,,
?,q,,,
헐,su,,,
헐,su,,,
진짜요????,su,,,
아??,su,,,
진짜요?,su,,,
헐 진짜요?,su,,,
아..?,su,,,
할,su,,,
아 ㄹㅇ????,su,,,
진짜???,su,,,
헐,su,,,
헐,su,,,
진짜요????,su,,,
만드셨다고요???,su,,,
진짜요???,su,,,
?,q,,,
엥,n,,,
어?,su,,,
sunbaFQ,n,,,
진짜요?,su,,,
아 이게 그 노래예요?,n,,,
진짜여?,su,,,
대박,su,,,
네?,su,,,
엥?진짜여??,su,,,
진짜요??,su,,,
진짜????,su,,,
ㄹㅇ???????,su,,,
??,su,,,
떡볶이 좋아 떡볶이 좋아,n,,,
엥 진짜?????,su,,,
와,su,,,
우와,su,,,
?진짜??,su,,,
???,su,,,
헐,su,,,
진짜요???,su,,,
와 노래 진짜 짱 좋아요,n,,,
네???,su,,,
"진짜로,,?",su,,,
헐 대박,su,,,
헐,su,,,
진짜요??,su,,,
와우,su,,,
???,q,,,
와,su,,,
쩐다,su,,,
헐 대박,su,,,
미친,su,,,
헐,su,,,
??,q,,,
헐 대박,su,,,
진짜여? ㅋㅋㅋㅋㅋㅋㅋㅋㅋㅋ,su,,,
대박....,su,,,
헐헐,su,,,
???,q,,,
진짜요???,su,,,
ㅋㅋㅋㅋㅋㅋ와,su,,,
헐 대박,su,,,
?????????,q,,,
아진짜요???ㅋㅋㅋㅋㅋㅋㅋㅋ,su,,,
진짜여???,su,,,
헐,su,,,
와 대박,su,,,
진짜루??,su,,,
헐,su,,,
진짜요?? 와,su,,,
헐헐,su,,,
오 ㅋㅋㅋㅋ,su,,,
sunbaSsang sunbaSsang sunbaSsang sunbaSsang sunbaSsang sunbaSsang sunbaSsang sunbaSsang sunbaSsang sunbaSsang sunbaSsang,n,,,
와 개쩌네 ㅋㅋㅋㅋㅋㅋㅋㅋㅋㅋㅋㅋ,su,,,
헐,su,,,
우왕,su,,,
뭐여....,n,,,
와,su,,,
무슨 떡뻐킷 드시나요 엽떡? 신전?,n,,,
와 ㅋㅋㅋㅋㅋㅋㅋㅋ,su,,,
헐,su,,,
헐,su,,,
ㅇㄴㅋㅋㅋㅋㅋㅋㅋㅋㅋㅋㅋㅋㅋㅋㅋㅋㅋㅋㅋㅋㅋㅋㅋ,j,,,
진짜요?????,su,,,
헐 대박,su,,,
대박,su,,,
우왕,su,,,
헐,su,,,
어 우와,su,,,
대박ㅋㅋㅋㅋㅋㅋㅋㅋㅋㅋㅋ,su,,,
헝,su,,,
헐 대박,su,,,
dndhk,su,,,
ㅅㄴㅅㄴ,n,,,
ㄴㄴㅋㅋㅋㅋㅋㅋㅋㅋㅋㅋㅋㅋㅋ,j,,,
우아,su,,,
험ㄹ 대박,su,,,
ㅅㄴㄴㅅㄴ,n,,,
와!!!!!!!!!,su,,,
와 ㅋㅋㅋㅋㅋㅋㅋㅋㅋㅋㅋㅋㅋㅋㅋㅋㅋ,su,,,
헐헐,su,,,
네??,su,,,
왘ㅋㅋㅋㅋㅋㅋㅋ,su,,,
예???,su,,,
?,q,,,
헣ㄹ,su,,,
와우,su,,,
중학교때면 1996년대때네여,n,,,
헐 진짜요?,su,,,
진짜여???,su,,,
헐ㄹㄹㄹㄹㄹㄹ,su,,,
??,q,,,
짖짜요?,su,,,
헐,su,,,
와,su,,,
헐,su,,,
헐 대박,su,,,
헐대박,su,,,
오늘 왤케 하얘요?,n,,,
대박,su,,,
진짜요????,su,,,
신기하다,su,,,
헐,su,,,
와ㅏㅏㅏㅏ,su,,,
헐,su,,,
헐,su,,,
헐 대박,su,,,
우왕,su,,,
ㅋㅋㅋㅋㅋㅋㅋㅋㅋㅋㅋ,j,,,
헐대박,su,,,
우와,su,,,
놀라운 인연,n,,,
대박,su,,,
대박,su,,,
헐헐헐,su,,,
와 대박이다 ㅋㅋㅋㅋㅋㅋㅋㅋㅋㅋㅋㅋ,su,,,
대박,su,,,
우와,su,,,
ㅅㄴㅅㄴ,n,,,
무무슨ㅋㅋㅋㅋㅋㅋㅋㅋㅋㅋㅋㅋㅋㅋ,j,,,
헐 대박이다,su,,,
헐 진짜여??,su,,,
ㅅㄴㅅㄴㅅㄴㅅㄴ,n,,,
우아,su,,,
헐,su,,,
헐,su,,,
와우..,su,,,
와우 멋져요!,su,,,
와,su,,,
ㅅㄴㅅㄴㅅㄴ,n,,,
헐ㄹ,su,,,
대박,su,,,
대박,su,,,
헐ㅋㅋㅋㅋㅋㅋㅋㅋㅋㅋㅋㅋㅋ,su,,,
와,su,,,
헐 대박,su,,,
ㅅㅇㅅㅇ,su,,,
대박,su,,,
신기하다,su,,,
ㅋㅋㅋㅋㅋㅋㅋㅋㅋㅋ,j,,,
ㅋㅋㅋㅋㅋㅋㅋㅋㅋㅋ,j,,,
우와,su,,,
우와 ㅋㅋㅋㅋㅋㅋㅋㅋㅋㅋㅋㅋ,j,,,
신기하다,su,,,
유명한 노래에요???,n,,,
오오...,n,,,
대박,su,,,
우와,su,,,
ㅅㄴㅅㅇ,n,,,
ㅅㄴㅅㄴ,n,,,
진짜루??,n,,,
ㅋㅋㅋㅋㅋㅋㅋㅋㅋㅋㅋㅋㅋㅋ,j,,,
헐,su,,,
와,su,,,
와ㅋㅋㅋㅋㅋㅋㅋㅋ,su,,,
헐,su,,,
와,su,,,
ㄷㄷㄷㄷㄷ,su,,,
ㅋㅋㅋㅋㅋㅋㅋㅋㅋㅋㅋㅋㅋㅋ아 ㅋㅋㅋㅋㅋㅋㅋㅋㅋㅋ,j,,,
ㅋㅋㅋㅋㅋㅋㅋㅋㅋㅋㅋㅋㅋㅋㅋㅋㅋ,j,,,
ㅋㅋㅋㅋㅋㅋㅋㅋㅋㅋ,j,,,
대밬ㅋㅋㅋㅋㅋㅋㅋㅋㅋㅋㅋ,su,,,
오오 ㅋㅋㅋㅋㅋㅋㅋㅋㅋㅋㅋㅋㅋ,j,,,
어? ㅋㅋㅋㅋㅋㅋㅋㅋㅋㅋㅋ,j,,,
헐,j,,,
ㅋㅋㅋㅋㅋㅋㅋㅋㅋㅋㅋㅋㅋㅋㅋㅋ,j,,,
대박이다,su,,,
오앙,n,,,
ㅋㅋㅋㅋㅋㅋㅋㅋ,j,,,
오오,su,,,
ㅋㅋㅋㅋㅋㅋㅋㅋㅋ,j,,,
우아아아ㅏㅏㅏ,su,,,
대박이에요 선바넴,su,,,
와대박,su,,,
ㅋㅋㅋㅋㅋㅋㅋㅋㅋㅋㅋㅋ 와,j,,,
우와 ㅋㅋㅋㅋㅋㅋㅋㅋㅋㅋㅋㅋ,j,,,
와,su,,,
대박이다,su,,,
ㅋㅋㅋㅋㅋㅋㅋㅋㅋㅋㅋㅋㅋㅋㅋ,j,,,
ㅋㅋㅋㅋㅋㅋㅋㅋㅋㅋㅋ,j,,,
충격 ㅇ0ㅇ,su,,,
헉ㅋㅋㅋㅋㅋㅋㅋㅋㅋㅋㅋ,j,,,
오늘 왜 이렇게 소년같죠,n,,,
"우와,,,",su,,,
우와,su,,,
ㅋㅋㅋㅋㅋㅋㅋㅋㅋㅋ,j,,,
헐,su,,,
헐헐,su,,,
세상에 ㅋㅋㅋㅋㅋㅋㅋㅋㅋㅋㅋㅋ,j,,,
개신기해 ㅋㅋㅋ,j,,,
미쳤닼ㅋㅋㅋㅋㅋㅋ,j,,,
ㅋㅋㅋㅋㅋㅋㅋㅋㅋㅋㅋㅋㅋㅋㅋㅋㅋㅋㅋㅋㅋㅋㅋㅋ,j,,,
ㅋㅋㅋㅋㅋㅋㅋㅋㅋㅋㅋㅋㅋㅋㅋㅋㅋㅋㅋㅋㅋㅋㅋㅋㅋㅋㅋㅋㅋㅋㅋㅋ,j,,,
ㅋㅋㅋㅋㅋㅋㅋㅋㅋㅋㅋㅋ,j,,,
우와 ㅋㅋㅋㅋㄱㅋㅋㅋㅋㅋ,su,,,
대박,su,,,
와 신기하다,su,,,
오늘따라 더 잘생기셧네요:),n,,,
안녕하세요,n,,,
ㅋㅋㅋㅋㅋㅋㅋㅋㅋㅋㅋㅋㅋ,j,,,
ㅅㄴㅅㄴㅅㄴㅅ,n,,,
와대박,su,,,
헐 미챳당,su,,,
헐 쩐당,su,,,
헐 ㅋㅋㅋㅋㅋㅋㅋㅋㅋ,su,,,
왘ㅎㅋㅎㅋㅎㅋㅋㅋㅎㅋㅎㅋㅋㅋ,su,,,
ㄷ ㄷ,su,,,
헐,su,,,
오잉,su,,,
ㅋㅋㅋㅋㅋㅋㅋㅋ,j,,,
ㅋㅎㅋㅎㅋㅎㅋ,j,,,
앗...넘흐노래좋아요,n,,,
띵갓곡이네요,n,,,
개신기..,su,,,
ㄷㄷㄷㄷ,su,,,
노래 뒷광고?,n,,,
헐 ㅋㅋㅋㅋㅋㅋㅋ,j,,,
헐 대박ㅋㅋㅋㅋㅋㅋㅋㅋㅋㅋㅋㅋㅋㅋ,j,,,
우와,su,,,
ㅋㅋㅋㅋㅋㅋㅋㅋㅋㅋㅋㅋㅋㅋ,j,,,
헐,su,,,
선하선하~,n,,,
ㅋㅋㅋ,j,,,
우와ㅋㅋㅋㅋㅋ,j,,,
헉.......ㅋㅋㅋㅋㅋㅋㅋㅋㅋㅋ,su,,,
ㅋㅋㅋㅋㅋㅋㅋㅋㅋ신기해,su,,,
오 ㅋㅋㅋㅋㅋㅋㅋ,su,,,
ㅋㅋㅋㅋㅋㅋㅋㅋㅋㅋ,j,,,
와,su,,,
ㅋㅋㅋㅋㅋㅋㅋㅋㅋㅋㅋㅋㅋㅋㅋㅋㅋㅋㅋㅋㅋ,j,,,
ㅋㅋㅋㅋㅋㅋㅋㅋㅋㅋㅋㅋㅋㅋㅋㅋㅋㅋㅋㅋㅋㅋㅋㅋㅋㅋㅋㅋ,j,,,
블레슈,n,,,
1톤바임,n,,,
앜,n,,,
ㅋㅋㄲㅋㅋㅋㅋㅋㅋㅋㅋㅋㄲ,j,,,
ㅋㅌㅋㅋㅋㅋㅋㅋㅋㅋㅋㅋ,j,,,
ㄱ르게,n,,,
와후,n,,,
와하우우!,n,,,
어우,n,,,
ㅋㅋㅋㅋㅋㅋㅋㅋㅋ,j,,,
ㅋㅋㅋㅋㅋ,j,,,
ㅋㅋㅋㅋㅋㅋㅋㅋㅋㅋㅋㅋ,j,,,
우와후 우워후,n,,,
ㅋㅋㅋㅋㅋㅋㅋㅋㅋㅋㅋ,j,,,
그러게유,n,,,
ㄱㄴ,n,,,
와후!!!,n,,,
웜톤바 ㅋㅋㅋ,n,,,
ㅋㅋㅋㅋㅋㅋ,j,,,
와훟,n,,,
ㄱㄴ?,n,,,
마쟈,n,,,
의하의하,n,,,
ㅋㅋㅋㅋㅋㅋㅋㅋㅋㅋ,j,,,
?,q,,,
?,q,,,
어우,n,,,
??,q,,,
?,q,,,
식탁이 되게 넓구만유..!,n,,,
?,q,,,
와아ㅏㅏㅏㅏㅏ,n,,,
네,n,,,
??,q,,,
네?,n,,,
뭐야,n,,,
?,q,,,
?,q,,,
ㅋㅋㅋㅋㅋㅋㅋㅋㅋㅋㅋㅋㅋㅋㅋㅋㅋㅋㅋㅋㅋㅋ,j,,,
ㅋㅋㅋㅋㅋㅋㅋㅋㅋㅋㅋㅋㅋㅋㅋㅋㅋㅋㅋㅋㅋㅋㅋㅋㅋㅋㅋㅋ,j,,,
ㅋㅋㅋㅋㅋㅋㅋㅋㅋㅋㅋㅋㅋㅋㅋㅋㅋㅋㅋㅋㅋㅋㅋㅋㅋㅋ,j,,,
ㅋㅋㅋㅋㅋㅋㅋㅋㅋㅋㅋㅋ,j,,,
???,q,,,
???,q,,,
???????,q,,,
ㅋㅋㅋㅋㅋㅋㅋ??/,j,,,
??,q,,,
ㅋㅋㅋㅋㅋㅋㅋㅋㅋㅋㅋㅋㅋㅋㅋ,j,,,
???,q,,,
?,q,,,
ㅋㅋㅋㅋㅋㅋㅋㅋㅋㅋㅋ,j,,,
ㅋㅋㅋㅋㅋㅋㅋㅋ,j,,,
ㅋㅋㅋㅋㅋㅋㅋㅋㅋㅋㅋㅋㅋㅋㅋㅋㅋㅋㅋㅋㅋㅋ,j,,,
ㅋㄱㅋㅋㅋㅋㅋ,j,,,
??,q,,,
ㅋㅋㅋㅋㅋㅋㅋㅋㅋㅋㅋ,j,,,
ㅋㅋㅋㅋㅋㅋㅋㅋㅋㅋㅋㅋㅋㅋㅋㅋ,j,,,
????,q,,,
?????,q,,,
ㅋㅋㅋㅋㅋㅋㅋㅋㅋㅋㅋㅋㅋㅋ,j,,,
뭐야 ㅋㅋㅋㅋㅋㅋㅋㅋㅋㅋㅋ,j,,,
응??ㅋㅋㅋㅋㅋㅋㅋ,j,,,
뭔소리얔ㅋㅋㅋㅋ,j,,,
ㅋㅋㅋㅋㅋㅋㅋㅋㅋㅋㅋㅋㅋㅋ,j,,,
?,q,,,
???,q,,,
ㅋㅋㅋㅋㅋㅋㅋㅋㅋㅋㅋㅋㅋㅋㅋㅋㅋㅋㅋㅋㅋㅋㅋㅋㅋㅋㅋㅋㅋㅋㅋㅋ,j,,,
30개월째 1개월,n,,,
ㅋㅋㅋㅋㅋㅋㅋㅋㅋㅋㅋㅋㅋㅋㅋㅋㅋㅋㅋㅋㅋ,j,,,
30ㅋㅋㅋㅋㅋ,n,,,
???,q,,,
ㅋㅋㅋㅋㅋㅋㅋㅋㅋㅋㅋ,j,,,
ㅋㅋㅋㅋㅋㅋㅋㅋㅋㅋㅋㅋ,j,,,
???,q,,,
뭐랰ㅋㅋㅋㅋㅋㅋㅋㅋ,j,,,
개웃겨 ㅋㅋㅋㅋㅋㅋㅋ,j,,,
ㅋㅋㅋㅋㅋㅋㅋㅋㅋㅋㅋㅋㅋㅋㅋㅋㅋㅋㅋㅋㅋㅋㅋㅋㅋㅋㅋㅋㅋㅋㅋㅋㅋㅋㅋㅋㅋㅋㅋㅋㅋ,j,,,
뭔소리에여,n,,,
개웃겨 ㅋㅋㅋㅋㅋㅋㅋㅋ,j,,,
와 가성비 오졌다,n,,,
??,q,,,
ㅋㅋㅋㅋㅋㅋㅋㅋㅋㅋㅋㅋㅋㅋㅋㅋㅋ,j,,,
ㅋㅋㅋㅋㅋㅋㅋㅋㅋㅋㅋㅋㅋㅋㅋ,j,,,
40개월이요??,n,,,
ㅋㅋㅋㅋ,j,,,
ㅋㅋㅋㅌㅌㅋㅋㅋㅌㅌㅌㅋ,j,,,
ㅋㅋㅋㅋㅋㅋㅋㅋ,j,,,
30개월째 1개월,n,,,
ㅋㅋㅋㅋㅋㅋㅋㅋㅋㅋㅋㅋㅋㅋㅋㅋ,j,,,
??,q,,,
ㅋㅋㅋㅋㅋㅋㅋㅋㅋㅋㅋㅋㅋㅋㅋㅋㅋㅋㅋㅋㅋㅋ,j,,,
???,q,,,
ㅋㅋㅋㅋㅋㅋㅋㅋㅋㅋㅋㅋㅋㅋㅋㅋㅋㅋ,j,,,
노랑 바지 어디가써ㅠㅠ,n,,,
ㅋㅋㅋㅋㅋㅋㅋㅋㅋㅋㅋㅋㅋㅋㅋㅋ,j,,,
ㅋㅋㅋㅋㅋㅋㅋㅋㅋㅋ,j,,,
ㅋㅋㅋㅋㅋㅋㅋㅋㅋㅋㅋ,j,,,
와!,su,,,
맛갔네,n,,,
ㅇㄴㅋㅋㅋㅋㅋㅋㅋ,j,,,
ㅋㅋㅋㅋㅋㅋㅋㅋㅋㅋㅋㅋㅋㅋㅋㅋ,j,,,
??,q,,,
우왕,n,,,
ㅋㅋㅋㅋㅋㅋㅋㅋㅋㅋㅋㅋㅋㅋㅋㅋㅋㅋㅋㅋ,j,,,
ㅋㅋㅋㅋㅋㅋㅋㅋㅋㅋ,j,,,
ㅅㄴㅅㄴ,n,,,
ㅋㅋㅋㅋㅋㅋㅋㅋㅋㅋㅋㅋㅋ,j,,,
ㅋㅋㅋㅋㅋㅋㅋㅋㅋㅋㅋㅋㅋㅋ,j,,,
ㅋㅎㅋㅎㅋㅎㅋㅎㅌㅎㅌㅎㅌㅎㅌ,j,,,
?ㅋㅋㅋㅋㅋㅋㅋㅋㅋㅋㅋㅋ,j,,,
그게 뭐죠,n,,,
많이 힘드시나 보네.. .,n,,,
ㅋㅋㅋㅋㅋㅋㅋㅋㅋㅋㅋㅋㅋ,j,,,
가성비갑,n,,,
ㅋㅋㅋㅋㅋㅋㅋㅋㅋㅋㅋㅋ,j,,,
ㅋㅋㅋㅋㅋㅋㅋㅋㅋㅋ,j,,,
아디다스하우ㅏㅇ,n,,,
ㅋㅋㅋㅋㅋㅋㅋㅋㅋㅋㅋㅋㅋㅋㅋㅋㅋㅋㅋㅋㅋㅋㅋㅋㅋㅋㅋ,j,,,
개웃겨 ㅋㅋㅋㅋㅋㅋㅋ,j,,,
ㅋㅋㅋ,j,,,
30ㄱㅐ월째 1개월,n,,,
와,su,,,
와,su,,,
ㅋㅋㅋㅋㅋㅋㅋㅋㅋㅋㅋㅋㅋㅋ,j,,,
ㅋㅋㅋㅋㅋㅋㄱㄱㅋㄱㄱㅋㅋㄱㅋㅋ,j,,,
말실수ㄱㅇㄱㅋㅋㅋㅋㅋㅋ,j,,,
ㅋㅋㅋㅋㅋㅋㅋㄲㅋㅋㅋㅋㅋㅋㅋ,j,,,
헐 떢볶이 맛있겠답 ㅠㅠㅠㅠㅠㅠㅠㅠㅠㅠㅠㅠㅠ,n,,,
와,su,,,
ㅋㅋㅋㅋㅋㅋ와,j,,,
ㅋㅋㅋㅋㅋㅋㅋㅋㅋㅋㅋㅋ,j,,,
오오,su,,,
"알랭드일종보통 subscribed at Tier 1. They've subscribed for 13 months, currently on a 13 month streak! 김선바 하이",n,,,
와,su,,,
헐,su,,,
와,su,,,
우와,su,,,
대박,su,,,
우오ㅘ,su,,,
29개월 추가ㄷㄷ,su,,,
와,su,,,
와,su,,,
가성빜ㅋㅋㅋㅋㅋㅋㅋㅋ,j,,,
우와,su,,,
와,su,,,
와,su,,,
ㅁㅅㄱㄷ,n,,,
오,su,,,
와,su,,,
으 서츠까지는 진ㅁ자 이뻤는데,n,,,
와,su,,,
우와,su,,,
와,su,,,
와,su,,,
오,su,,,
맛있겠다,n,,,
대박,su,,,
오오오,su,,,
와 너무 맛이겠다ㅠㅠㅠ,n,,,
맛있겠다아아,n,,,
ㅋㅋㅋㅋㅋㅋㅋㅋㅋㅋㅋ,j,,,
우왕,su,,,
와 대박,su,,,
와오,su,,,
와,su,,,
맛있겠다,n,,,
개맛있겠다,n,,,
와우,su,,,
와,su,,,
ㅋㅋㅋㅋㅋㅋㅋㅋㅋㅋㅋㅋㅋㅋㅋㅋㅋㅋㅋ,j,,,
와,su,,,
와,su,,,
마싰겠따..,n,,,
왕왕아왕,su,,,
"와.,.",su,,,
한입만ㅜ,n,,,
쾌척 감사합니다,n,,,
와ㅠㅠ,n,,,
와,su,,,
와 맛있겠다,n,,,
맛있겠다 ㅠㅠㅠㅠㅠㅠㅠㅠㅠㅠㅠㅠㅠㅠㅠㅠㅠ,n,,,
ㅇㄴㅋㅋㅋㅋㅋㅋㅋㅋㅋㅋㅋㅋㅋㅋㅋㅋㅋㅋ,j,,,
아앟,n,,,
핫도그ㅠㅜ,j,,,
ㅋㅋㅋㅋㅋㅋㅋㅋㅋㅋㅋ,j,,,
zzzzzzz,j,,,
ㅋㅋㅋㅋㅋㅋㅋㅋㅋㅋㅋㅋㅋㅋ,j,,,
앟,n,,,
ㅋㅋㅋㅋㅋㅋㅋㅋㅋㅋㅋㅋ,j,,,
앟,n,,,
앟,n,,,
ㅋㅋㅋㅋㅋㅋㅋㅋㅋㅋㅋ,j,,,
아,n,,,
ㅋㅋㅋㅋㅋㅋㅋㅋㅋㅋㅋㅋㅋ,j,,,
ㅋㅋㅋㅋㅋㅋㅋㅋㅋ,j,,,
ㅋㅋㅋㅋㅋㅋㅋㅋㅋㅋㅋㅋㅋ,j,,,
ㅋㅌㅋㅋㅋㅋㅋㅋㅋㅋㅋ,j,,,
앟앟,n,,,
ㅋㅎㅋㅎㅋㅎㅋㅎㅋㅎㅋㅎ,j,,,
ㅋㅋㅋㅋㅋㅋㅋㅋㅋㅋㅋㅋ,j,,,
ㅋㅋㅋㅋㅋㅋㅋㅋㅋㅋㅋㅌㅌㅌㅌㅌㅌㅋㅋㅋㅋㅋㅋㅋ-ㅋ,j,,,
맛있겠다,n,,,
ㅋㅋㅋㅋㅋㅋㅋㅋㅋ,j,,,
으음~ 녹는다~,n,,,
ㅋㅋㅋㅋㅋㅋㅋㅋㅋㅋ,j,,,
빨간음식 드셔서 빨간옷 입고온건가요?,n,,,
ㅋㅋㅋㅋㅋㅋㅋㅋ,j,,,
그게 맛있져,n,,,
ㅋㅋㅋㅋㅋㅋㅋㅋㅋㅋㅋㅋㅋㅋㅋㅋㅋ,j,,,
또 사먹을거같아요?,n,,,
앟,n,,,
음만마귀..,n,,,
ㅋㅋㅋㅋㅋㅋㅋㅋㅋㅋㅋㅋㅋㅋㅋㅋㅋㅋㅋㅋㅋㅋㅋㅋㅋㅋㅋㅋㅋㅋㅋㅋ,j,,,
ㅋㅋㅋㅋㅋㅋㅋㅋㅋㅋㅋ,j,,,
ㅋㅋㅋㅋㅋㅋㅋㅋㅋ,j,,,
ㅋㅋㅋㅋㅋㅋㅋㅋㅋㅋㅋ,j,,,
ㅋㅋㅋㅇㄴㅋㅋㅋㅋㅋㅋ,j,,,
ㅋㅋㅋㅋㅋㅋㅋㅋㅋㅋㅋㅋㅋ,j,,,
ㅋㅋㅋㅋㅋㅋㅋㅋㅋㅋㅋㅋㅋㅋㅋㅋㅋㅋㅋㅋㅋㅋㅋㅋㅋㅋㅋㅋ,j,,,
앟,n,,,
ㅋㅋㅋㅋㅋㅋㅋㅋㅋㅋㅋㅋㅋㅋㅋ,j,,,
ㅋㅋㅋㅋㅋㅋㅋㅋㅋㅋㅋㅋㅋㅋㅋㅋㅋㅋ,j,,,
ㅋㅋㅋㅋㅋㅋㅋㅋㅋㅋㅋㅋㅋㅋㅋ,j,,,
앟,n,,,
ㅋㅋㅋㅋㅋㅋㅋㅋㅋㅋ,j,,,
ㅋㅋㅋㅋㅋㅋㅋㅋㅋㅋㅋㅋㅋㅋㅋㅋㅋㅋㅋㅋㅋㅋㅋㅋㅋㅋㅋㅋㅋㅋ,j,,,
ㅋㅋㅋㅋㅋㅋㅋㅋㅋㅋㅋ,j,,,
ㅋㅋㅋㅋㅋㅋㅋㅋㅋㅋㅋㄱㅋ,j,,,
앟ㅋㅋㅋㅋㅋㅋ,j,,,
ㅋㅋㅋㅋㅋ,j,,,
앜ㅎㅋㅎㅋㅎㅋㅎㅋㅋ,j,,,
ㅋㅋㅋㅋㄱㅋㄱㅋㅋㅋㄱㅋㄱㅋㅋ,j,,,
ㅋㅋㅋㅋㅋㅋㅋㅋㅋㅋㅋㅋㅋㅋㅋㅋㅋㅋㅋㅋ,j,,,
맵찔이,n,,,
떡볶이의 이데아?,n,,,
맛있겠다,n,,,
ㅋㅋㅋㅋㅋㅋㅋㅋ,j,,,
ㅋㅋㅋㅋㅋㅋㅋㅋㅋㅋㅋㅋㅋㅋㅋ,j,,,
ㅋㅋㅋㅋㅋㅋㅋㅋㅋㅋㅋㅋㅋㅋㅋㅋㅋ,j,,,
또뽀끼맛,n,,,
ㅋㅋㅋㅋㅋㅋㅋㅋㅋㅋㅋㅋㅋㅋㅋㅋㅋㅋㅋㅋㅋㅋ,j,,,
ㅋㅋㅋㅋㅋㅋㅋㅋㅋㅋㅋㅋㅋㅋ,j,,,
ㅋㅋㅋㅋㅋㅋㅋㅋㅋㅋㅋㅋㅋㅋㅋㅋ,j,,,
??,q,,,
ㅋㅋㅋㅋㅋㅋㅋㅋㅋㅋㅋㅋㅋ,j,,,
ㅋㅋㅋㅋㅋㅋㅋ,j,,,
이성을 잃어서,n,,,
맵찔이 ㅋㅋㅋㅋㅋ,j,,,
ㅋㅋㅋㅋㅋㅋㅋㄱㅋㅋㅋㅋ,j,,,
게임컴:씨피유7700k 그래픽1080ti 램32GB 송출컴:씨피유 라이젠 1700 그래픽 1060 램 16GB,n,,,
ㅋㅌㅋㅋㅌㅌㅋㅋㅋㅋㅋㅋ,j,,,
ㅋㅋㅋㅋㅋㅋㅋㅋㅋㅋㅋㅋㅋㅋㅋㅋㅋ,j,,,
게임컴:씨피유7700k 그래픽1080ti 램32GB 송출컴:씨피유 라이젠 1700 그래픽 1060 램 16GB,n,,,
ㅋㅋㅋㅋㅋㅋㅋㅋㅋㅋㅋㅋㅋ,j,,,
ㅋㅋㅋㅋㅋㅋㅋㅋㅋㅋㅋ,j,,,
우왕,su,,,
앟,n,,,
이성이래매!!!!!이성이래매!!!,n,,,
ㅋㅋㅋㅋㅋㅋㅋㅋㅋㅋㅋㅋㅋㅋㅋ,j,,,
ㅋㅋㅋㅋㅋㅋㅋㅋㅋ,j,,,
맵찔~~,n,,,
맵찔이,n,,,
ㅋㅋㅋㅋㅋㅋㅋ,j,,,
염산,n,,,
ㅋㅋㅋㅋㅋㅋㅋㅋㅋㅋㅋㅋㅋㅋㅋ,j,,,
ㅋㅋㅋㅋㅋㅋㅋㅋㅋㅋㅋㅋㅋㅋ,j,,,
아개웃겨,j,,,
ㅋㅋㅋㅋㅋㅋㅋㅋㅋㅋㅋㅋㅋㅋㅋㅋㅋㅋㅋ,j,,,
ㅌㅋㅋㅋㅋ,j,,,
ㅋㅋㅋㅋㅋㅋㅋㅋㅋㅋㅋㅋㅋㅋㅋㅋㅋㅋㅋㅋㅋㅋㅋㅋ,j,,,
진짜 개배고파,n,,,
맵찔이,n,,,
맵찔이라 그럼,n,,,
ㅋㅋㅋㅋㅋㅋㅋㅋㅋㅋㅋㅋㅋㅋㅋ,j,,,
ㅋㅋㅋㅋㅋㅋㅋㅋㅋㅋㅋㅋㅋㅋㅋㅋㅋㅋㅋㅋㅋㅋㅋㅋ,j,,,
맵찔이래요 에베베,n,,,
ㅋㅋㅋㅋㅋㄹㅋㄹㅋㅋㅋㅋ,j,,,
ㅋㅋㅋㅋㅋㅋㅋㅋㅋ,j,,,
ㅌㅋㅋㅋㅋㅋㅋㅋㅋㅋㅋㅋㅋㅋㅋ,j,,,
ㅋㅋㅋㅋㅋㅋㅋㅋㅋ,j,,,
ㅋㅋㅋㅋㅋㅋㅋㅋㅋㅋ,j,,,
ㅋㅋㅋㅋㅋㅋㅋㅋㅋㅋㅋㅋㅋㅋ,j,,,
ㅋㅋㅋㅋㅋㅋㅋㅋㅋㅋㅋㅋㅋㅋㅋㅋㅋㅋ,j,,,
철학적이다ㅋㅋㅋㅋㅋㅋㅋㅋㅋㅋㅋㅋㅋㅋㅋㅋ,j,,,
ㅋㅋㅋㅋㅋㅋㅋㅋㅋㅋㅋㅋㅋㅋ,j,,,
ㅋㅋㅋㅋ,j,,,
맵찔이,n,,,
이성이 매워?,n,,,
ㅋㅋㅋㅋㅋㅋㅋㅋㅋㅋㅋㅋㅋㅋㅋㅋㅋㅋ,j,,,
맵찔바,n,,,
ㅋㅋㅋㅋㅋㅋㅋㅋㅋㅋㅋ,j,,,
앟,n,,,
마싯겠네요..ㅠ,n,,,
앟,n,,,
ㅋㅋㅋㅋㅋㅋㅋㅋㅋㅋㄱㅋㅋ,j,,,
앟,n,,,
음,n,,,
앟,n,,,
앟,n,,,
ㅋㅋㅋㅋㅋㅋㅋㅋㅋㅋㅋㅋㅋㅋㅋㅋㅋㅋㅋㅋ,j,,,
ㅋㅋㅋㅋㅋㅋㅋㅋㅋㅋㅋㅋㅋㅋㅋㅋㅋㅋㅋㅋㅋㅋㅋㅋㅋㅋㅋㅋ,j,,,
ㅋㅋㅋㅋㅋㅋㅋ,j,,,
앟,n,,,
앟,n,,,
우유 앟,n,,,
앟,n,,,
맛나겟다~~~~,n,,,
앟,n,,,
앟,n,,,
맵찔,n,,,
ㅋㅋㅋㅋㅋㅋㅋㅋㅋㅋㅋㅋㅋㅋ,j,,,
아 드러...,n,,,
ㅋㅋㅋㅋㅋㅋㅋㅋㅋㅋㅋㅋㅋ,j,,,
ㅋㅋㅋㅋㅋㅋㅋㅋㅋ,j,,,
ㅋㅋㅋㅋㅋㅋㅋㅋㅋㅋㅋㅋ,j,,,
ㅋㅋㅋㅋㅋㅋㅋㅋㅋㅋㅋㅋ,j,,,
?,n,,,
냠ㄴ,n,,,
ㅋㅋㅋㅋㅋㅋㅋㅋㅋㅋㅋㅋ,j,,,
ㅋㅋㅋㅋㅋㅋㅋㅋㅋㅋㅋㅋㅋ,j,,,
ㅋㅋㅋㅋㅋㅋㅋㅋㅋㅋ,j,,,
아뜨,n,,,
아뜨거,n,,,
ㅋㅋㅋㅋㅋㅋ,j,,,
ㅋㅋㅋㅋㅋㅋㅋㅋㅋㅋㅋㅋㅋㅋㅋㅋㅋㅋㅋㅋㅋㅋㅋㅋㅋㅋㅋㅋㅋㅋㅋ,j,,,
ㅋㅋㅋㅋㅋㅋㅋㅋ,j,,,
어우치즈...,n,,,
ㅋㅋㅋㅋㅋㅋㅋㅋㅋㅋ,j,,,
ㅋㅋㅋㅋㅋㅋㅋㅋㅋㅋㅋㅋㅋ,j,,,
ㅋㅋㅋㅋㅋㅋㅋㅋㅋㅋㅋ,j,,,
ㅋㅋㅋㅋㅋㅋㅋㅋㅋㅋㅋㅋㅋㅋ,j,,,
ㅋㅋㅋㅋㅋㅋㅋㅋㅋㅋㅋㅋㅋ,j,,,
ㅋㅋㅋㅋㅋㅋㅋㅋㅋㅋㅋ,j,,,
?,q,,,
?,q,,,
ㅋㅋㅋㅋㅋㅋㅋㅋㅋㅋㅋㅋㅋㅋ,j,,,
ㅋㅋㅋㅋㅋㅋㅋㅋ,j,,,
ㅋㅋㅋㅋㅋㅋㅋㅋㅋㅋㅋㅋ,j,,,
ㅋㅋㅋㅋㅋㅋㅋㅋㅋㅋㅋ,j,,,
ㅋㅋㅋㅋㅋㅋㅋㅋㅋㅋㅋ,j,,,
쿨피스를 안주다니,n,,,
버섯머리라 그런가,n,,,
ㅋㅋㅋㅋㅋㅋㅋㅋㅋㅋㅋㅋㅋㅋㅋㅋㅋㅋㅋㅋㅋㅋㅋㅋㅋㅋㅋㅋㅋㅋ,j,,,
ㅋㅋㅋㅋㅋㅋㅋㅋㅋㅋㅋㅋㅋㅋㅋㅋㅋㅋㅋㅋㅋㅋ,j,,,
아 뜨거,n,,,
ㅋㅋㅋㅋㅋㅋㅋㅋㅋ,j,,,
와 치즈....,n,,,
ㅋㅋㅋㅋㅋㅋㅋㅋㅋㅋㅋㅋㅋㅋㅋ,j,,,
아뜨거,n,,,
ㅋㅋㅋㅋㅋㅋㅋㅋㅋㅋㅋㅋㅋㅋㅋㅋㅋ,j,,,
ㅋㅋㅋㅋㅋㅋㅋㅋㅋ,j,,,
늠름..?,n,,,
ㅋㅎㅋㅎㅋㅎㅋㅎㅋㅎㅋ,j,,,
?,q,,,
ㅋㅋㅋㅋㅋㅋㅋㅋㅋㅋㅋㅋㅋㅋㅋㅋ,j,,,
앗 뜨고,n,,,
ㅋㅋㅋㅋㅋㅋㅋㅋㅋㅋㅋㅋㅋ,j,,,
헐 ㅋ ㅋ,n,,,
용암,n,,,
허버허버,n,,,
ㅋㅋㅋㅋㅋㅋㅋ,j,,,
ㅋㅋㄹㅋㄹㅋㄹㅋㄹㅋㄹㅋㅋㅋ,j,,,
앗뜨거,n,,,
ㅋㅋㅋ-ㅋㅋㅋㅋㅋㅋㅋ,j,,,
?,q,,,
ㅋㅋㅋㅋㅋㅋㅋㅋㅋㅋㅋㅋㅋ,j,,,
조심히..,n,,,
ㅋㅋㅋㅋㅋㅋㅋㅋㅋㅋ,j,,,
아뜨뜨,n,,,
ㅋㅋㅋㅋㅋㅋㅋㅋㅋㅋㅋㅋㅋㅋㅋㅋ,j,,,
ㄱㅋㄱㅋㄱㅋㄱㅂ,j,,,
오늘 저녁에 떡국떡으러 떡볶이 먹었는데,n,,,
아뜨거,n,,,
ㅋㅋㅋㅋㅋㅋㅋㅋㅋㅋㅋㅋ,j,,,
ㅋㅋㅋㅋㅋㅋㅋㅋㅋㅋㅋㅋㅋㅋㅋㅋㅋㅋㅋㅋ,j,,,
ㅋㅋㅋㅋㅋㅋㅋㅋㅋㅋ,j,,,
ㅋㅋㅋㅋㅋㅋㅋㅋㅋㅋㅋㅋㅋ,j,,,
ㅋㅋㅋㅋㅋㅋㅋㅋㅋㅋㅋㅋㅋㅋㅋㅋㅋㅋㅋㅋㅋㅋㅋㅋㅋㅋㅋㅋㅋㅋ,j,,,
ㅇㄴㅋㅋㅋㅋㅋㅋㅋㅋㅋㅋ,j,,,
ㅋㅋㅋㅋㅋㅋㅋㅋㅋㅋㅋㅋㅋㅋㅋㅋㅋ,j,,,
ㅋㅋㅋㅋㅋㅋㅋㅋㅋㅋㅋ,j,,,
ㅋㅋㅋㅋㅋㅋㅋㅋㅋㅋㅋㅋㅋㅋㅋ,j,,,
ㅋㅋㅋㅋㅋㅋㅋㅋㅋㅋㅋ,j,,,
ㅋㅋㅋㅋㅋㅋㅋ,j,,,
클나따,n,,,
ㅋㅋㅋㅋㅋㅋㅋㅋ,j,,,
ㅋㅋㅋㅋㅋㅋㅋㅋㅋㅋㅋㅋㅋㅋㅋㅋ,j,,,
맵찔이,n,,,
물드세요ㅋㅋㅋ,n,,,
ㅋㅋㅋㅋㅋㅋㅋㅋㅋㅋㅋㅋㅋㅋㅋㅋㅋ,j,,,
ㅋㅋㅋㅋㅋㅋㅋㅋㅋㅋㅋㅋㅋ,j,,,
ㅌㅋㅋㅋㅋㅋㅋㅋㅋㅋㅋㅋ,j,,,
ㅋㄱㄱㅋㅋㅋㅋㅋㅋㅋㄱㅋ,j,,,
치즈랑 같이먹어서..,n,,,
하 먹방ㅠㅠ,n,,,
쓰읍하,n,,,
맵찔이~,n,,,
맵찔이래요~~,n,,,
ㅋㅋㅋㅋㅋㅋㅋㅋㅋㅋㅋㅋ,j,,,
ㅋㅋㅋㅋㅋㅋㅋㅋㅋㅋㅋㅋㅋㅋㅋ,j,,,
틴트발르거가타,n,,,
부럽닼ㅋㅋㅋㅋㅋㅋㅋㅋㅋㅋㅋㅋㅋ,n,,,
ㅋㅋㅋㅋㅋㅋㅋㅋㅋㅋㅋㅋㅋㅋㅋㅋㅋㅋ,j,,,
ㅋㅋㅋㅋㅋㅋㅋㅋㅋ,j,,,
진짜 매운가보다ㅋㅋㅋㅋㅋㅋㅋ,n,,,
어우,n,,,
ㅋㄱㄱㄱㄲㄱ. ㄱㄱㄱㄱㅋㄱ ㄱㅋ,j,,,
ㅇㅎ,n,,,
??,q,,,
오,su,,,
오,su,,,
?,su,,,
신전인가,n,,,
오?,su,,,
오오오오오,su,,,
헐,su,,,
옹,n,,,
엥,su,,,
오?,su,,,
엥?...,n,,,
치즈봐 ㅜㅜㅜㅜㅜㅜ,n,,,
오잉??,su,,,
헐,su,,,
오 맛있게 맵나요?,n,,,
오,n,,,
신떡느낌?,n,,,
?,q,,,
헐?,su,,,
오오,su,,,
아?,n,,,
오호,su,,,
아닌데...,n,,,
?,q,,,
?,q,,,
신전맛 같은 느낌인가,n,,,
오,su,,,
옹,su,,,
오?,su,,,
오ㅠㅠㅠㅠ,n,,,
선하,n,,,
BloodTrail BloodTrail BloodTrail BloodTrail BloodTrail BloodTrail,n,,,
음?,su,,,
와,su,,,
오오,su,,,
오오후쥬,su,,,
헐,su,,,
???,q,,,
오,su,,,
??,q,,,
MSG 잔뜩넣어야 맛있긴하쥬,n,,,
띠용,su,,,
엥,su,,,
헐,n,,,
매우면 딸기넣어 드세요,n,,,
신전 맛?,n,,,
신떡?,n,,,
떡볶이 먹고 우는 그,n,,,
후추?,n,,,
오,su,,,
오?,su,,,
옹?,su,,,
오 후추맛..???,n,,,
오오 맛있겠다,n,,,
호옹,n,,,
ㄹㅇ?,su,,,
맛있는 매운맛.. 아 침고영,n,,,
엥?!?!?!??!?!!,su,,,
헐,su,,,
헐,su,,,
"머야 선바님 떡볶이,,와",n,,,
오?,su,,,
호곡,su,,,
헐..,su,,,
옹?,su,,,
섬하,n,,,
ㅋㅋㅋㅋㅋㅋㅋㅋㅋㅋㅋㅋㅋㅋ,j,,,
오?,su,,,
앟,n,,,
신전?,n,,,
헐헐,su,,,
헐,su,,,
오?,su,,,
신전같은??,n,,,
??,q,,,
??,q,,,
?,q,,,
앟,n,,,
?,q,,,
?,q,,,
??,q,,,
?,q,,,
통밀 빵,n,,,
??,q,,,
ㅋㅋㅋㅋㅋㅋㅋ,j,,,
??,q,,,
?,q,,,
????,q,,,
아,n,,,
?????,q,,,
me주라....,n,,,
sunbaFQ,n,,,
앟,n,,,
왜저래...,d,,,
?????????,q,,,
아,n,,,
?????????(,q,,,
?,q,,,
하하하 재밌다,j,,,
?,q,,,
ㅋㅋㅋㅋㅋㅋㅋㅋㅋㅋ,j,,,
ㅋㅋㅋㅋㅋㅋㅋㅋㅋㅋㅋㅋㅋㅋㅋㅋㅋㅋㅋㅋ,j,,,
ㅋㅋㅋㅋㅋㅋㅋㅋㅋㅋㅋㅋㅋㅋㅋㅋㅋㅋㅋㅋ,j,,,
ㅋㅋㅋㅋㅋㅋㅋㅋㅋㅋㅋㅋ,j,,,
ㅋㅋㅋㅋㅋㅋㅋㅋㅋㅋㅋㅋㅋㅋ,j,,,
ㅋㅋㅋㅋㅋㅋㅋㅋㅋ,j,,,
ㅋㅋㅋㅋㅋㅋㅋㅋㅋㅋㅋㅋㅋ,j,,,
그거 무슨 떡볶이인가요?,n,,,
홍머병,n,,,
ㅋㅋㅋㅋㅋㅋㅋㅋㅋㅋㅋㅋㅋㅋㅋㅋㅋㅋㅋ,j,,,
너무해,n,,,
아?,n,,,
ㅋㅋㅋㅋㅋㅋㅋㅋㅋㅋㅋㅋㅋㅋㅋㅋㅋㅋㅋㅋㅋㅋㅋㅋㅋㅋㅋㅋㅋㅋㅋㅋㅋㅋ,j,,,
ㅋㅋㅋㅋㅋㄱㅋㅋ헐,j,,,
앟,n,,,
ㅋㅋㅋㅋㅋㅋㅋㅋㅋㅋㅋ,j,,,
ㅋㅋㅋㅋㅋㅋㅋㅋㅋㅋㅋㅋㅋㅋㅋㅋㅋㅋㅋㅋㅋ,j,,,
홍머병...,n,,,
ㅋㅋㅋㅋㅋㅋㅋㅋㅋㅋㅋㅋㅋㅋ,j,,,
ㅋㅋㅋㅋㅋㅋㅋㅋㅋㅋㅋㅋ,j,,,
ㅋㅋㅋㅋㅋㅋㅋㅋㅋㅋㅋㅋㅋㅋㅋㅋㅋㅋㅋㅋ,j,,,
ㅋㅋㅋㅋㅋㅋㅋㅋㅋㅋㅋㅋㅋ,j,,,
ㅋㅋㅋㅋㅋㅋㅋㅋㅋㅋㅋㅋㅋㅋㅋㅋㅋㅋ,j,,,
ㅋㅋㅋㅋㅋㅋㅋㅋㅋㅋㅋㅋㅋㅋ,j,,,
어디 떡볶쓰에요??,n,,,
왘ㅋㅋㅋㅋㅋ,j,,,
미친ㅋㅋㅋㅋㅋㅋㅋㅋ,j,,,
ㅋㅋㅋㅋㅋㅋㅋㅋㅋㅋㅋㅋㅋㅋ,j,,,
ㅋㅋㅋㅋㅋㅋㅋㅋㅋㅋㅋㅋ,j,,,
ㅋㅋㅋㅋㅋㅋㅋㅋㅋㅋㅋ,j,,,
ㅇㄴ ㅋㅋㅋㅋㅋㅋㅋㅋㅋㅋㅋㅋㅋㅋㅋㅋㅋㅋㅋ,j,,,
ㅋㅋㅋㅋㅋㅋㅋㅋㅋㅋㅋㅋㅋㅋ,j,,,
ㅋㅋㅋㅋㅋㅋㅋㅋㅋㅋㅋㅋㅋㅋㅋㅋㅋㅋㅋㅋ,j,,,
앜ㅋㅋㅋㅋㅋㅋㅋ,j,,,
너무해,n,,,
ㅋㅋㅋㅋㅋㅋㅋㅋㅋㅋㅋ,j,,,
ㅋㅋㅋㅋㅋㅋㅋㅋㅋㅋㅋㅋㅋㅋ,j,,,
ㅋㅋㅋㅋㅋㅋㅋㅋㅋㅋㅋㅋㅋㅋㅋㅋㅋㅋㅋㅋㅋㅋㅋㅋㅋㅋㅋㅋ,j,,,
ㅋㅋㅋㅋㅋㅋㅋㅋㅋㅋㅋㅋㅋㅋㅋ,j,,,
ㅋㅋㅋㅋㅋㅋㅋㅋㅋㅋㅋ,j,,,
ㅋㅋㅋㅋㅋㅋㅋㅋㅋㅋㅋㅋㅋㅋㅋㅋㅋㅋㅋㅋㅋㅋㅋㅋ,j,,,
X,n,,,
ㅋㅋㅋㅋㅋㅋㅋㅋ,j,,,
ㅋㅋㅋㅋㅋㅋㅋㅋㅋㅋㅋㅋㅋㅋㅋ,j,,,
ㅋㅋㅋㅋㅋㅋㅋㅋㅋㅋㅋㅋㅋㅋㅋㅋㅋㅋㅋㅋㅋㅋㅋㅋㅋㅋㅋㅋㅋㅋㅋㅋㅋㅋㅋㅋㅋㅋㅋㅋㅋㅋㅋㅋㅋ,j,,,
ㅋㅋㅋㅋㅋㅋㅋㅋㅋㅋㅋㅋㅋㅋㅋ,j,,,
ㅌㅋㅋㅋㅋㅋㅋㅋ 헐,j,,,
ㅋㅋㄱㄱㅋㄱㅋㄱㅋㄱㅋㅋㅋㅋ,j,,,
ㅋㅋㅋㅋㅋㅋㅋㅋㅋㅋㅋㅋㅋㅋ,j,,,
ㅋㅋㅋㅋㅋㅋㅋㅋㅋㅋㅋㅋㅋㅋㅋㅋㅋㅋㅋㅋㅋㅋㅋㅋ,j,,,
ㅠㅠㅠㅠㅠㅠㅠㅠ,sa,,,
??ㅋㅋㅋㅋㅋㅋㅋㅋㅋㅋㅋㅋㅋㅋㅋㅋㅋㅋㅋ,n,,,
삐뚤어진 철학과,n,,,
너무해,n,,,
헐,su,,,
ㅋㅋㅋㅋㅋㅋㅋㅋㅋㅋㅋㅋㅋㅋㅋㅋㅋㅋ,j,,,
헐ㅋㅋ,su,,,
헐,su,,,
ㅋㅋㅋㅋㅋㅋㅋㅋㅋㅋㅋㅋㅋㅋㅋㅋ,j,,,
아 그건 좀ㅋㅋㅋㅋㅋㅋㅋㅋㅋㅋㅋㅋ,j,,,
ㅋㅋㅋㅋㅋㅋㅋㅋㅋㅋㅋㅋㅋㅋ,j,,,
ㅋㅋㅋㅋㅋㅋㅋㅋㅋㅋㅋㅋㅋㅋㅋㅋㅋㅋ,j,,,
ㅋㅋㅋㅋㅋㅋㅋㅋㅋㅋㅋㅋㅋㅋㅋ,j,,,
사부님 너무햌ㅋㅋㅋㅋㅋ,j,,,
ㅇㄴㅋㅋㅋㄱㅋㅋㅋ,j,,,
ㅌㅋㅋㅋㅋㅋㅋㅋㅋㅋㅋㅋㅋㅋㅋㅋㅋㅋㅋㅋㅋㅋㅋㅋㅋㅋㅋㅋㅋㅋㅋㅋ,j,,,
개너무해ㅋㅋㅋㅋㅋㅋㅋㅋㅋㅋㅋㅋㅋ,j,,,
ㅋㅋㅋㅋㅋㅋㅋㅋㅋㅋㅋㅋㅋㅋㅋ,j,,,
ㅋㅋㅋㅋㅋㅋㅋㅋㅋㅋㅋㅋㅋㅋ,j,,,
ㅋㅋㅋㅋㅋㅋㅋㅋㅋㅋㅋㅋㅋㅋㅋㅋㅋ,j,,,
개웃겨,j,,,
ㅋㅋㅋㅋㅋㅋㅋㅋㅋㅋㅋㅋㅋㅋㅋㅋ,j,,,
헐,su,,,
그러신 분들 꼭 있음,n,,,
ㅋㅋㅋㅋㅋㅋㅋㅋㅋ 개너무해 ㅜㅜㅜ,n,,,
개웃ㅋㅋㅋㅋㅋㅋㅋㅋㅋㅋㅋㅋㅋㅋㅋㅋㅋㅋㅋㅋㅋ,j,,,
와,su,,,
그런 어른들 많았죠 ㅋㅋㅋㅋㅋㅋㅋ,j,,,
헐ㅋㅋㅋㅋㅋㅋㅋㅋㅋㅋㅋㅋㅋ,j,,,
ㅋㅋㅋㅋㅋㅋㅋㅋㅋㅋㅋㅋ,j,,,
ㅋㅋㅋㅋㅋㅋㅋㅋㅋㅋㅋㅋㅋㅋㅋㅋㅋㅋㅋㅋㅋㅋㅋㅋㅋㅋ,j,,,
ㅁㅈㅁㅈ,n,,,
헐,su,,,
ㅁㅈㅁㅈㅁㅈ,n,,,
탄탄탄,n,,,
ㅁㅈㅁㅈ,n,,,
탄탄탄탄탄,n,,,
ㅁㅈ..,n,,,
ㅠㅠ,sa,,,
ㅋㅋㅋㅋㅋㅋㅋㅋㅋㅋㅋㅋㅋㅋㅋㅋㅋ,j,,,
ㅁㅈㅁㅈ,n,,,
ㅇㅈ,n,,,
ㅁㅈ..,n,,,
ㄹㅇ,n,,,
ㅎ하하ㅏ하하ㅏㅏㅏ,j,,,
ㅋㅋㅋㅋㅋㅋㅋㅋㅋㅋㅋㅋㅋ,j,,,
ㅋㅋㅋㅋㅋㅋㅋㅋㅋㅋㅋㅋㅋㅋㅋㅋ,j,,,
ㅋㅋㅋㅋㅋㅋㅋㅋㅋㅋㅋㅋㅋㅋㅋ,j,,,
ㅋㅋㅋㅋㅋㅋㅋ,j,,,
ㅋㅋㅋㅋㅋㅋㅋㅋㅋㅋㅋㅋㅋㅋㅁㅊ,j,,,
ㅋㅋㅋㅋㅋㅋㅋㅋ,j,,,
ㅋㅋㅋㅋㅋㅋㅇㄴㅋㅋㅋㅋㅋㅋ,j,,,
선바님 쾌척이 두 번 들려여,n,,,
ㅋㅋㅋㅋㅋㅋㅋㅋㅋㅋㅋㅋㅋㅋㅋㅋ,j,,,
ㅋㅋㅋㅋㅋㅋㅋㅋ,j,,,
탄수화물 그자체니까,n,,,
ㅋㅋㅋㅋㅋㅋㅋㅋㅋㅋㅋㅋㅋㅋㅋㅋㅋㅋㅋ,j,,,
ㅋㅋㅋㅋㅋㅋㅋㅋㅋㅋ,j,,,
ㅋㅋㅋㅋㅋㅋㅋㅋㅋㅋ,j,,,
ㅇㄴㅋㅋㅋㅋㅋㅋㅋㅋㅋㅋㅋㅋ,j,,,
ㅋㅋㅋㅋㅋㅋㅋㅋㅋㅋㅋㅋㅋㅋㅋ,j,,,
ㅋㅋㅋㅋㅋㅋㅋㅋㅋㅋㅋㅋㅋㅋㅋㅋ,j,,,
ㅋㅋㅋㅋㅋㅋㅋㅋㅋㅋㅋㅋㅋㅋㅋㅋㅋㅋㅋㅋ,j,,,
ㅋㅋㅋㅋㅋㅋㅋㅋㅋㅋㅋㅋㅋㅋㅋㅋㅋ,j,,,
ㅋㅋㅋㅋㅋㅋㅋㅋㅋㅋㅋㅋㅋㅋ,j,,,
ㅁㅈㅁㅈ,n,,,
앜ㅋㅋㅋㅋㅋㅋㅋㅋㅋ,j,,,
ㅋㅋㅋㅋㅋㅋㅋㅋㅋㅋㅋㅋㅋㅋㅋㅋㅋㅋㅋㅋㅋㅋㅋㅋㅋㅋㅋ,j,,,
ㅁㅈㅁㅈ,n,,,
탄짠맵,n,,,
그게뭔데 ㅋㅋㅋㅋㅋㅋㅋㅋㅋㅋㅋㅋㅋㅋㅋㅋㅋㅋㅋㅋㅋ,j,,,
ㅋㅋㅋㅋㅋㅋㅋ,j,,,
ㅋㅋㅋㅋㅋㅋㅋㅋㅋㅋ,j,,,
ㅋㅋㅋㅋㅋㅋㅋㅋㅋㅋㅋㅋ,j,,,
ㅋㅋㅋㅋㅋㅋㅋㅋㅋㅋㅋㅋ,j,,,
ㅁㅈ,n,,,
앜ㅋㅋㅋㅋㅋㅋㅋㅋㅋ,j,,,
ㅋㄱㅋㄱㅋㄱㅋㄱㄱㅋㄱㄱㅋㄱㅋㄱㅋㄱㅋㄱㅋㅋㅋㅋㅋ,j,,,
라라라라라라~~,n,,,
ㅋㅋㅋㅋㅋㅋㅋㅋㅋㅋㅋ,j,,,
천재다,n,,,
네?,n,,,
ㅋㅋㅋㅋㅋㅋㅋㅋㅋㅋㅋㅋㅋㅋㅋ,j,,,
ㅇㅈㅇㅈ,n,,,
ㅋㅋㅋㅋㅋㅋㅋㅋㅋㅋㅋㅋㅋㅋㅋㅋㅋㅋㅋㅋㅋㅋㅋㅋㅋㅋㅋㅋㅋㅋㅋㅋㅋ,j,,,
ㅋㅋㅋㅋㄱㅋㅋㅋㅋㅋㄱㅋㄱㄱㅋ,j,,,
하하하하하하하하,j,,,
ㅋㅋㅋㅋㅋㅋㅋㅋㅋㅋㅋㅋㅋㅋㅋㅋㅋㅋ,j,,,
ㅋㅋㅋㅋㅋㅋㅋㅋㅋㅋㅋㅋㅋㅋㅋㅋㅋㅋㅋㅋㅋㅋㅋㅋㅋㅋㅋㅋㅋㅋㅋㅋㅋㅋㅋ,j,,,
ㅇㄴㅋㅋㅋㅋㅋㅋㅋㅋㅋㅋㅋㅋㅋㅋㅋㅋㅋㅋㅋㅋ,j,,,
ㅋㅋㅋㅋㅋㅋㅋㅋㅋㅋㅋ,j,,,
쾌척 안울리는데?,n,,,
ㅋㅋㅋㅋㅋㅋㅋㅋㅋㅋㅋㅋㅋㅋㅋㅋㅋㅋ,j,,,
ㅋㅋㅋㅋㅋㅋㅋ그런방법이,j,,,
ㅋㅋㅋㅋㅋㅋㅋㅋㅋㅋㅋㅋ,j,,,
ㅋㅋㅋㅋㅋㅋㅋㅋㅋㅋㅋㅋㅋㅋ,j,,,
ㅋㅋㅋㅋㅋㅋㅋㅋㅋㅋ,j,,,
????ㅋㅌㅌㅋㅋㅋㅋㅋㅋㅋ,j,,,
ㅋㅋㅋㅋㅋㅋㅋㅋㅋㅋㅋㅋㅋㅋㅋㅋㅋㅋㅋㅋㅋㅋㅋㅋㅋㅋ,j,,,
??,q,,,
철학과교수님 subscribed at Tier 1.,n,,,
앜ㅋㅋㅋㅋㅋㅋㅋㅋㅋㅋㅋㅋㅋ,j,,,
헐 ㅋㅋㅋㅋㅋㅋㅋㅋㅋㅋㅋㅋㅋㅋ,j,,,
ㅋㅋㅋㅋㅋㅋㅋㅋㅋㅋ,j,,,
ㅋㅋㅋㅋㅋㅋㅋㅋㅋㅋㅋㅋㅋㅋㅋㅋㅋㅋㅋㅋㅋㅋㅋㅋㅋㅋㅋㅋㅋㅋㅋㅋㅋㅋㅋㅋㅋㅋㅋㅋ,j,,,
ㅋㅋㅋㅋㅋㅋㅋㅋㅋㅋㅋㅋㅋㅋㅋㅋㅋㅋㅋㅋㅋㅋㅋㅋㅋㅋㅋㅋㅋㅋ,j,,,
ㅋㅋㅋㅋㅋㅋㅋㅋㅋㅋㅋㅋㅋㅋㅋㅋㅋㅋㅋㅋㅋㅋㅋㅋㅋㅋㅋㅋㅋㅋㅋㅋㅋㅋ,j,,,
??,q,,,
ㅋㅋㅋㅋㅋㅋㅋㅋㅋㅋㅋㅋㅋㅋㅋㅋㅋ,j,,,
ㅋㅋㅋㅋㅋㅋㅋㅋㅋㅋㅋㅋㅋㅋㅋㅋㅋㅋㅋ,j,,,
ㅋㅋㅋㅋㅋㅋㅋㅋㅋㅋㅋㅋㅋㅋㅋㅋㅋㅋㅋ,j,,,
ㅋㅋㅋㅋㅋㅋㅋㅋㅋㅋㅋㅋㅋㅋㅋㅋㅋㅋㅋㅋㅋ,j,,,
ㅋㅋㅋㅋㅋㅋㅋㅋㅋㅋㅋㅋㅋㅋㅋㅋㅋㅋㅋㅋㅋㅋㅋㅋㅋㅋ,j,,,
ㅋㅋㅋㅋㅋㅋㅋㅋㅋㅋㅋㅋㅋㅋㅋㅋㅋㅋㅋㅋㅋ,j,,,
ㅋㅋㅋㅋㅋㅋㅋㅋㅋㅋㅋㅋㅋㅋ,j,,,
ㅇㄴㅋㅋㅋㅋㅋㅋㅋㅋㅋㅋㅋㅋㅋㅋㅋㅋㅋㅋㅋㅋㅋㅋㅋㅋㅋㅋㅋㅋㅋㅋㅋㅋㅋㅋㅋㅋㅋㅋ,j,,,
ㅋㅋㅋㅋㅋㅋㅋㅋㅋㅋㅋㅋㅋㅋㅋㅋㅋ,j,,,
ㅋㅋㅋㅋㅋㅋㅋㅋㅋ ㅋㅋㅋㅋㅋㅋㅋㅋㅋㅋㅋㅋㅋ,j,,,
음??,n,,,
????,q,,,
ㅋㅋㅋㅋㅋㅋㅋㅋㅋㅋㅋㅋㅋㅋ,j,,,
ㅋㅋㅋㅋㅋㅋㅋㅋㅋㅋㅋㅋㅋㅋㅋㅋㅋㅋㅋ.,j,,,
어우,n,,,
ㅋㅋㅋㅋㅋㅋㅌㅌㅋㅌㅌㅌㅌㅋㅋ,j,,,
ㅇㄴㅋㅋㅋㅋㅋㅋㅋㅋㅋㅋㅋㅋㅋㅋㅋㅋㅋㅋㅋㅋㅋㅋㅋㅋㅋㅋㅋㅋㅋㅋㅋㅋ,j,,,
ㅋㅋㅋㅋㅋㅋㅋㅋㅋㅋㅋㅋㅋㅋㅋㅋㅋㅋ,j,,,
저기욬ㅋㅋㅋㅋㅋㅋㅋㅋㅋㅋㅋㅋㅋ,n,,,
아니 ㅋㅋㅋㅋㅋㅋㅋㅋㅋㅋㅋㅋㅋㅋㅋㅋㅋ,n,,,
"????,",q,,,
?,q,,,
ㅋㅋㅋㅋㅋㅋㅋㅋㅋㅋㅋㅋㅋ,j,,,
아닠ㅋㅋㅋㅋㅋㅋㅋㅋㅋㅋㅋㅋ,j,,,
????,q,,,
ㅋㅋㅋㅋㅋㅋㅋㅋㅋㅋㅋㅋㅋㅋㅋㅋㅋㅋㅋㅋㅋㅋㅋㅋㅋㅋㅋㅋㅋㅋㅋㅋㅋㅋㅋㅋㅋㅋㅋㅋㅋㅋㅋㅋㅋ,j,,,
ㅋㅋㅋㅋㅋㅋㅋㅋㅋ,j,,,
ㅋㅋㅋㅋㅋㅋㅋㅋㅋㅋㅋㅋㅋㅋㅋㅋㅋㅋㅋ,j,,,
아십니까?,n,,,
ㅋㅋㅋㅋㅋㅋㅋㅋㅋㅋㅋㅋㅋㅋㅋㅋㅋㅋㅋㅋㅋㅋㅋㅋㅋㅋㅋ,j,,,
ㅋㅋㅋㅋㅋㅋㅋㅋㅋㅋㅋㅋㅋㅋ,j,,,
누군뎈ㅋㅋㅋㅋㅋ,j,,,
ㅋㅋㅋㅋㅋㅋㅋㅋㅋㅋㅋㅋㅋㅋㅋㅋㅋㅋㅋㅋㅋㅋㅋㅋㅋㅋㅋㅋㅋㅋㅋㅋㅋㅋㅋㅋㅋㅋ,j,,,
ㅋㅋㅋㅋㅋㅋㅋㅋㅋㅋㅋㅋㅋㅋㅋㅋㅋㅋㅋㅋㅋㅋㅋㅋㅋㅋㅋ,j,,,
ㅋㅋㅋㅋㅋㅋㅋㅋㅋㅋㅋㅋㅋㅋㅋㅋㅋㅋㅋㅋㅋㅋㅋㅋㅋ,j,,,
ㅋㅋㅋㅋㅋㅋㅋㅋㄱㅋㅋㅋㅋㅋㅋㅋㅋㅋㅋㅋㅋㅋㅋㅋㅋㅋㅋㅋㅋㅋ,j,,,
아 웃겨,j,,,
???,q,,,
ㅋㅋㅋㅋㅋㅋㅋㅋㅋㅋㅋㅋㅋㅋㅋㅋㅋㅋㅋㅋㅋ,j,,,
?,q,,,
?,q,,,
?,q,,,
??,q,,,
?,q,,,
개골,n,,,
?,q,,,
?,q,,,
?,q,,,
?,q,,,
?,q,,,
?,q,,,
?,q,,,
?,q,,,
?,q,,,
???,q,,,
?,q,,,
?,q,,,
?,q,,,
?,q,,,
방금뭐야,n,,,
??,q,,,
꺽,n,,,
????/,q,,,
??,q,,,
??,q,,,
?,q,,,
??,q,,,
곩,n,,,
?????,q,,,
?,q,,,
?,q,,,
?,q,,,
??,q,,,
?,q,,,
곩,n,,,
?,q,,,
???,q,,,
ㅋㅋㅋㅋㅋㅋㅋㅋㅋㅋㅋㅋㅋㅋ,j,,,
방금뭐지,n,,,
?,q,,,
?,q,,,
???????/,q,,,
ㅋㅋㅋㅋㅋㅋㅋㅋㅋㅋㅋㅋㅋㅋ,n,,,
?????,q,,,
부자됨~~,n,,,
아 맞다,n,,,
오,su,,,
오,su,,,
교수님~!,n,,,
오,su,,,
오,su,,,
엇,su,,,
오,su,,,
오?,su,,,
오오,su,,,
옹,su,,,
오,su,,,
오,su,,,
오,su,,,
어우ㅠㅜㅠ,sa,,,
오,su,,,
ㅇ.거,n,,,
겨수니뮤!,n,,,
오오,su,,,
오,su,,,
ㅋㅋㅋㅋㅋㅋㅋ,j,,,
ㅎㅇㅌ,n,,,
오,su,,,
이거 무슨겜이에여?,n,,,
교수님 힘내요@!,n,,,
돈 다 빼왔겠지?,n,,,
ㅠㅠ,sa,,,
ㅠㅠㅠㅠ,sa,,,
헐,su,,,
!게임,n,,,
에????,n,,,
현재 방송중인 게임: No Umbrellas Allowed,n,,,
어이구ㅠㅠ,sa,,,
ㅠㅠㅠ,sa,,,
아...,sa,,,
ㅠㅠ,sa,,,
ㅠㅠㅠㅠㅠ,sa,,,
아이고,n,,,
헐,su,,,
헉..,su,,,
ㅠㅠ,sa,,,
"할무니,,",n,,,
ㅠㅠㅠ,sa,,,
헐 ㅠㅠㅠㅠ,sa,,,
ㅠㅠ,sa,,,
ㅠㅠㅠ,sa,,,
ㅠㅠㅠ,sa,,,
아이고...,sa,,,
과욕범죄 신고당했나?,n,,,
보석가게니까..,n,,,
신고?,n,,,
ㅠㅠ,sa,,,
ㅜㅠㅠㅠㅠㅠㅠㅠㅠㅠㅠ,sa,,,
교수님 힘내요 복학생 선바 혼내주자구요,n,,,
보석바 할머니...ㅠㅠ,sa,,,
할머니 ㅠㅠ,sa,,,
아ㅠㅠㅠㅠㅠ,sa,,,
헉..,su,,,
피나...,n,,,
누가 낙서한 거 ㅜㅜ,sa,,,
진짜 에바다,d,,,
할무니ㅠㅠㅠ,sa,,,
헉,su,,,
헐???,su,,,
왐마,su,,,
할머니ㅠㅠㅠㅠ,sa,,,
헐,su,,,
헉,su,,,
헐,su,,,
헉,su,,,
아이고옹,n,,,
헐,su,,,
헐,su,,,
ㅋㅋㅋㅋㅋㅋㅋㅋㅋㅋㅋㅋㅋㅋㅋㅋㅋㅋㅋㅋ,j,,,
할무니..,n,,,
참나,n,,,
ㄷㄷ,su,,,
헉,su,,,
....,n,,,
할미ㅠㅠ,sa,,,
어우...,n,,,
뭐야,n,,,
ㄷㄷ,su,,,
헐,su,,,
으으으,su,,,
홀,su,,,
헐,su,,,
헐..,su,,,
헐,su,,,
이런...,n,,,
그러게요,n,,,
신고를 해야하나,n,,,
으으,n,,,
와...,n,,,
핫플레이스네,n,,,
그르니까,n,,,
핫플이네,n,,,
진짜 얼탱없다,n,,,
그러게유,n,,,
어,n,,,
ㄹㅇ...,n,,,
어우,n,,,
ㅁㅈ...,n,,,
ㅇㅈ,n,,,
그니까여ㅜㅜㅜ,sa,,,
ㅁㅈ,n,,,
ㄹㅇ ㅠㅠㅠㅠㅠㅠ,sa,,,
ㅁㅈ..,n,,,
와 ..,n,,,
파파라치자너 완전,n,,,
밥이다,n,,,
안해도 뭐라하고 해도 뭐라하고,n,,,
ㄹㅇ...,n,,,
마자요..,n,,,
헐..,su,,,
휴,n,,,
zbqlr,n,,,
오,su,,,
휴,n,,,
ㅋㅋㅋㅋㅋㅋㅋㅋㅋㅋ,j,,,
헐,su,,,
헐,su,,,
대박인데,su,,,
헐,su,,,
휴휴ㅠ,sa,,,
머,su,,,
헐?,su,,,
큐빅이네,n,,,
와,su,,,
히에엑,su,,,
와,su,,,
헐 대박,su,,,
와,su,,,
와,su,,,
오오,su,,,
헐,su,,,
와,su,,,
헐,su,,,
대박 미쳤다,su,,,
플라스틱같은디,n,,,
와 미쳤다,su,,,
우와,su,,,
헐 찐이야?ㅋㅋㅋㅋㅋㅋㅋㅋ,su,,,
헐,su,,,
와,su,,,
와,su,,,
와,su,,,
헐,su,,,
헐,su,,,
헐,su,,,
와,su,,,
헐,su,,,
대박,su,,,
대박이다,su,,,
헐,su,,,
헥,su,,,
와,su,,,
와,su,,,
와,su,,,
ㄷㄷㄷ,su,,,
???,q,,,
와...,su,,,
와미친,su,,,
오오아,su,,,
와우,su,,,
와,su,,,
와,su,,,
와 가격 미쳤다,su,,,
헐,su,,,
와ㅋㅋㅋㅋㅋㅋㅋㅋ,su,,,
와,su,,,
세상에,su,,,
와아아악,su,,,
와아아아아아아,su,,,
우와,su,,,
와ㅏㅏㅏ,su,,,
헐????,su,,,
미쳤다,su,,,
와,su,,,
와,su,,,
와 ㄷㄷㄷㄷㄷ,su,,,
와~~쩔어,su,,,
와....,su,,,
와 미틴,su,,,
와,su,,,
와,su,,,
구욷,su,,,
와,su,,,
헐,su,,,
히이이이이이익,su,,,
와,su,,,
미쳤닼ㅋㅋㅋㅋㅋㅋ,su,,,
와,su,,,
오마이갓,su,,,
개쌉이득,n,,,
대박,su,,,
대박,su,,,
헐,su,,,
헐ㄹ,su,,,
와,su,,,
와 헐,su,,,
ㄷㄷㄷ,su,,,
와,su,,,
와,su,,,
와,su,,,
찐이다,su,,,
오ㅏ,su,,,
헐,su,,,
데에에에에ㅔㅇㅁ,su,,,
헐,su,,,
ㄷㄷㄷㄷ,su,,,
오 ㅏ,su,,,
오마이갓,su,,,
헐,su,,,
헐...,su,,,
헐,su,,,
헐,su,,,
헐,su,,,
헐,su,,,
뭐야..,n,,,
헐...,su,,,
헐,su,,,
헐,su,,,
ㅠㅠㅠㅠㅠㅠㅠㅠㅠㅠㅠㅠㅠㅠ,sa,,,
헐...,su,,,
ન?,n,,,
헐,su,,,
헐,su,,,
헐헐,su,,,
헐,su,,,
헐...,su,,,
헐ㄹ,su,,,
홀..,su,,,
헐,su,,,
ㅠㅠㅠ,sa,,,
허...,n,,,
헐,su,,,
ㅜㅜ원수살려,sa,,,
안돼안돼 가지마,n,,,
아..,n,,,
아니야ㅠㅠ,sa,,,
그건 편견이다,n,,,
ㅠㅠ,sa,,,
헐,su,,,
아이고,n,,,
안돼,n,,,
ㅜㅜ,sa,,,
ㅠㅠㅠㅠ,sa,,,
아고 ㅠㅠ,sa,,,
헐....,n,,,
ㅠㅠㅠㅠㅠ,sa,,,
안돼 원수야 ㅠㅠㅠㅠㅠㅠ,sa,,,
선물 ㅠㅠ,sa,,,
어.....ㅠㅜㅜ,sa,,,
진정해,n,,,
ㅠㅠㅠ,sa,,,
헐,su,,,
ㅠㅠㅠㅠㅠ,sa,,,
아이고ㅠㅠㅠ,sa,,,
ㅠㅠㅠㅠ,sa,,,
ㅜㅜ,sa,,,
저런,n,,,
ㅠㅠㅠㅠㅠㅠ...,sa,,,
헐,su,,,
?????,q,,,
ㅠㅠㅠㅠㅠㅠ,sa,,,
ㅁㅊ,n,,,
sunbaRomgok2 sunbaRomgok2,n,,,
sunbaRomgok2 sunbaRomgok2,n,,,
사춘기니.....?,n,,,
원수 살아,n,,,
ㅠㅠㅠㅠㅠㅠㅠ,sa,,,
저런..,n,,,
ㅜㅜㅜ,sa,,,
할머니....,n,,,
헉,n,,,
아이고 원수야~~~,n,,,
ㅠㅠㅠㅠ,sa,,,
에바여,d,,,
헐?,su,,,
헐,su,,,
ㅠㅠㅠㅠㅠ,sa,,,
왐마,n,,,
ㅠㅠㅠ,sa,,,
헐,su,,,
"헐,,",su,,,
ㅠㅠㅠㅠㅠㅠㅠㅠㅠㅠㅠ,sa,,,
ㅠㅠㅠㅠㅠㅠ,sa,,,
ㅠㅠㅠㅠㅠㅠㅠㅠ,sa,,,
원수 살려,n,,,
헐...,su,,,
헉,su,,,
헐,su,,,
헐,su,,,
헐,su,,,
헐?,su,,,
안돼,n,,,
헐,su,,,
아 ㅠ,n,,,
으앗,n,,,
헐,su,,,
ㅠㅠㅠ,sa,,,
안돼,n,,,
헐,su,,,
안돼 ㅠㅠㅠㅠㅠ,sa,,,
원수야 ㅠㅠㅠㅠ,sa,,,
헐....,n,,,
안돼ㅜㅜㅜㅜㅜ,sa,,,
헐...,n,,,
선물 안줘서 그런가ㅠㅠㅠ,sa,,,
잉 ㅜㅜ,sa,,,
진짜 과욕이랑 먼데..ㅠㅠㅠ,sa,,,
헉.....,n,,,
안돼 ㅠㅠ,sa,,,
헐,n,,,
아이고ㅜㅜㅜ,sa,,,
ㅠㅠㅜㅜㅠ,sa,,,
아 헐,n,,,
어?,n,,,
할무니 어뜩해,n,,,
헉,su,,,
헐 ㅠㅠ,sa,,,
헐,su,,,
헐,su,,,
헐..,su,,,
안대...,n,,,
헐...,su,,,
ㅠㅠㅠㅠ,sa,,,
뭐야 원수 델꼬가지마,n,,,
원수야ㅜㅜㅜㅜ,sa,,,
아이고 ㅠㅠㅠㅠㅠㅠㅠㅠㅠ,sa,,,
ㅠㅠㅠㅠㅠㅠㅠㅠㅠ,sa,,,
아이고,n,,,
헐,su,,,
할머니 ㅠㅠㅠ,sa,,,
헉,su,,,
헐,su,,,
아아아아아아아,n,,,
원수야ㅜㅜ,sa,,,
헐,su,,,
ㅠㅠㅠㅠㅠㅠ헐..,sa,,,
ㅠㅠㅠㅠㅠㅠ,sa,,,
할무니 어떡해 ㅜㅜㅜㅜㅜ,sa,,,
그래ㅐ 그러지마,n,,,
아이고,n,,,
ㅠㅠㅠㅠ,sa,,,
어떡해ㅠㅠㅠㅠ,sa,,,
헐 슬프다 ㅠㅠㅠㅠㅠㅠ,sa,,,
할머니ㅜㅠㅠㅠㅠ,sa,,,
헐,su,,,
아니 ㅠㅠㅠ,sa,,,
"어무니,,,",n,,,
ㅜㅠㅜㅠㅠㅠ,sa,,,
ㅠㅠㅠㅠㅠㅠㅠㅠㅠㅠㅠㅠ,sa,,,
아이고...,n,,,
헐ㅠㅠㅠㅠㅠㅠ,sa,,,
ㅠㅠㅠㅠ,sa,,,
원수야...,n,,,
헐 안돼,su,,,
헐랭,su,,,
헐...,su,,,
할머니ㅠㅠㅠㅠ,sa,,,
아이구ㅜㅜㅜㅜ,sa,,,
ㅠㅠㅠㅠㅠㅠㅠㅠ,sa,,,
ㅠㅠㅠㅠㅠㅠㅠㅠㅠ,sa,,,
ㅜㅜㅜㅜㅜㅜㅜㅜㅜㅜㅜㅜㅜㅜㅜㅜ,sa,,,
어떡해,su,,,
어머니 억장 무너진다...,n,,,
할무니 ㅠㅠㅠㅠㅠㅠㅠ,sa,,,
할머니.....ㅠㅠㅠㅠ,sa,,,
아니................,n,,,
허규ㅠㅠㅠㅠ,sa,,,
안돼애,n,,,
안돼ㅠㅠㅠ.ㅠ................,sa,,,
ㅠㅜㅜㅠㅜㅠㅜㅠ,sa,,,
아이고ㅜㅜ,sa,,,
ㅠㅠㅠㅠㅠㅠㅠㅠㅠㅠㅠㅠㅠㅠㅠㅠㅠㅠㅠㅠㅠ,sa,,,
ㅠㅠㅠㅠㅠㅠ 어무니,sa,,,
헐,su,,,
아이고 할머니ㅠㅠㅠ,sa,,,
헐.....,su,,,
ㅠㅠㅠㅠㅠㅠㅠㅠㅠㅠㅠ,sa,,,
ㅠㅠㅠㅠㅠㅠㅠㅠㅠ,sa,,,
"아,,,,,,,,,",n,,,
원수야 ㅠㅠ,sa,,,
아이고...,n,,,
안돼,n,,,
ㅜㅜㅜㅜㅜㅜㅜㅜㅜㅜㅜㅜㅜㅜㅜ,sa,,,
헐....ㅠㅠㅠㅠㅠㅠㅠㅠㅠㅠㅠㅠㅠㅠㅠㅠ,sa,,,
흐어엉,n,,,
아....ㅠㅠㅠㅠㅠㅠ,sa,,,
할머니 너무 착하셔요.ㅜㅜㅜㅜ,sa,,,
ㅠㅠㅠㅠㅠㅠㅠㅠㅠㅠㅠㅠㅠㅠㅠ,sa,,,
아니 무슨...,n,,,
어떡해ㅠㅠㅠ,sa,,,
아안돼,n,,,
왜구래..,n,,,
안돼,n,,,
할무니 ㅠㅠㅠㅠㅠㅠㅠㅠㅠㅠ,sa,,,
오노 ㅠㅠㅠㅠㅠㅠ,sa,,,
ㅜㅜㅜㅜㅜㅜㅜㅜㅜㅜㅜㅜㅜㅜ,sa,,,
할무니...,n,,,
할무니....,n,,,
"아이고,,",n,,,
아ㅠㅜㅠㅠㅠㅠㅠ,sa,,,
원수이눔아ㅜㅜㅜㅜㅜㅜㅜ,sa,,,
ㅠㅠㅠㅠㅠ,sa,,,
아니............................,n,,,
안돼에..,n,,,
할머니 ㅠㅠㅠㅠㅠㅜㅜㅜㅜ,sa,,,
아이도 웨그류ㅔ...,n,,,
아이고...\,n,,,
원수씌 ㅠㅠㅠㅠㅠ,sa,,,
아이고오...,n,,,
할머니ㅠㅠㅠㅠㅠㅠㅠ,sa,,,
아 에반데,n,,,
안돼에,n,,,
ㅠㅠㅠㅠㅠㅠㅠㅠㅠㅠ,sa,,,
선물 못줘서 그런가,n,,,
아ㅠㅠㅠㅠㅠ,sa,,,
할무니...,n,,,
ㅠㅜㅠ,sa,,,
할머니..ㅜㅠㅜㅠㅜ,sa,,,
진짜ㅜ가??,n,,,
"원수야,,,",n,,,
ㅠㅜㅠㅠㅠㅜㅜ,sa,,,
애왜구래,n,,,
아 너무슬프다..,n,,,
퓨ㅠㅠ,sa,,,
아ㅠㅠㅠㅠㅠㅠㅠㅠ,sa,,,
아이고오 ㅠㅠㅠㅠㅠㅠㅠㅠㅠㅠ,sa,,,
어떡해ㅠㅠㅠㅠㅠㅠㅠ,sa,,,
ㅜㅜㅜㅜㅜㅜㅜㅜㅜㅜㅜㅜㅜㅜㅜㅜㅜㅜㅜㅜㅜㅡ,sa,,,
할무니ㅠㅠㅠㅠ,sa,,,
아이고...,n,,,
야ㅜㅠㅠ,sa,,,
어뜨캐......,n,,,
에바.......,d,,,
ㅜㅜㅜㅜㅜㅜㅜㅜ,sa,,,
에반데,n,,,
선물줫으면..ㅠㅠ,sa,,,
원수 이놈아...,n,,,
안돼잉 ㅠㅠ,sa,,,
ㅠㅠㅠㅠㅠㅠ,sa,,,
원수야 ㅠㅠ,sa,,,
함모니 ㅠ,sa,,,
헐,n,,,
설마 선물안줘서 이래ㅠㅠ?,sa,,,
할머니 머리에서 보석 하나 빼주세요 ㅜㅜㅜㅜㅜㅜㅜㅜ,sa,,,
ㅠㅠㅠㅠㅠㅠㅠㅠㅠㅠㅠㅠㅠㅠ,sa,,,
ㅠㅠㅠㅠㅠㅠㅠ,sa,,,
아ㅜㅜㅜㅜㅜㅜㅜㅜㅜㅜㅜㅜㅜㅜㅜ,sa,,,
ㅠㅠㅠㅠㅠㅠ,sa,,,
안돼..,n,,,
불효야 아녀석아,n,,,
ㅠㅠㅠㅠㅠㅠ,sa,,,
안내ㅠ,sa,,,
ㅠㅠㅠㅠㅠㅠ,sa,,,
할무니 ㅠㅠㅠ,sa,,,
생일 선물 때문에????,n,,,
허어...,n,,,
ㅠㅠ,sa,,,
할머니이ㅠㅠㅠㅠ,sa,,,
원수 이노마...ㅠㅠㅠ,sa,,,
ㅠㅜㅠㅜㅠㅜㅠㅜㅠㅜ,sa,,,
엄마 마음 찢어진다ㅜㅜㅠㅠ,sa,,,
안돼ㅠㅠㅠㅠㅠㅠㅠㅠ,sa,,,
할머니 ㅠㅠㅠㅠㅠㅠㅠㅠㅠ,sa,,,
보석바할무니 ㅠㅠㅠㅠㅠㅠㅠㅠ,sa,,,
"에구,,,,,",n,,,
헐 선물 안줘서 그런가 ㅠㅠㅠ,sa,,,
원수 이넘,n,,,
ㅠㅠㅠㅠㅠㅠㅠㅠㅠ,sa,,,
ㅠㅜㅜㅠㅜㅠㅠㅠㅠㅠㅠ,sa,,,
아 ㅠㅠㅠㅠㅠㅠㅠㅠㅠㅠㅠㅠㅠㅠㅠㅠㅠㅠ,sa,,,
ㅠㅠㅠ,sa,,,
아이고ㅠㅠㅠㅠㅠㅠㅠㅠㅠㅠㅠ,sa,,,
ㅠㅠㅠㅠㅠ,sa,,,
헐,sa,,,
아...................,sa,,,
"아이구..,",n,,,
ㅠㅠㅠㅠㅠ,sa,,,
아고..,n,,,
하ㅠㅠㅠㅠㅠㅠㅠ,sa,,,
안돼에에에ㅠㅠㅠㅠㅠㅠ,sa,,,
으엉 ㅠ,sa,,,
ㅠㅠ,sa,,,
아..,n,,,
으악,n,,,
아ㅠㅠㅠㅠ,sa,,,
아 눈물나....,sa,,,
앟....,n,,,
헉 ㅠㅠㅠㅠㅠㅠㅠㅠㅠㅠㅠ,sa,,,
아이고야,n,,,
아휴...,n,,,
ㅜㅜ,sa,,,
아ㅠㅠㅠㅠㅠㅠㅠㅠㅠㅠㅠㅠㅠ,sa,,,
아 선물 못줘서,n,,,
어ㅓㅓㅓㅓㅓㅓㅓ,sa,,,
sunbaRomgok2 sunbaRomgok2,n,,,
ㅠㅠㅜㅜㅠㅜㅜㅠ,sa,,,
ㅠㅠㅠㅠㅠㅠㅠㅠㅠㅠㅠㅠㅠㅠ,sa,,,
으앙ㅠ,sa,,,
아 어떡해,n,,,
ㅠㅠㅠㅠㅠㅠㅠㅠㅠㅠㅠㅠ,sa,,,
ㅠㅠ,sa,,,
앟....,n,,,
"아 헐,,,,",su,,,
아이고,n,,,
선물 줬으면 달라졌을듯,n,,,
아이고 ㅠㅠㅠㅠㅠㅠㅠㅠㅠ,sa,,,
어...,sa,,,
아이고오오오....ㅠㅠㅠㅠㅠㅠㅠ,sa,,,
ㅠㅠㅠㅠㅠㅠㅠㅠㅠㅠㅠㅠㅠㅠㅠㅠㅠㅠㅠ,sa,,,
허ㅠㅠㅠㅠㅠㅠ,sa,,,
ㅠㅠㅠㅠㅠㅠㅠㅠㅠ,sa,,,
아고,n,,,
ㅠㅠㅠㅠㅠㅠㅠㅠㅠㅠㅠㅠ,sa,,,
아고 ㅠㅠㅠㅠㅠㅠㅠㅠㅠㅠㅠㅠㅠㅠㅠ,sa,,,
ㅠㅠㅠㅠㅠㅠㅠ,sa,,,
ㅠㅠ,sa,,,
ㅠㅠㅠㅠㅠㅠㅠㅠㅠㅠㅠㅠ,sa,,,
아앗..........,sa,,,
아이고,sa,,,
선물.......,n,,,
어떡해,sa,,,
ㅠㅠㅠㅠㅠㅠㅠㅠㅠㅠㅠㅠㅠㅠ,sa,,,
ㅠㅠㅠㅠㅠㅠㅠㅠㅠㅠㅠㅠㅠ,sa,,,
ㅠㅠㅠㅠ,sa,,,
ㅜㅠㅜㅠㅠ,sa,,,
아 ㅠㅠㅠㅠㅠㅠㅠㅠㅠㅠㅠㅠㅠㅠㅠ,sa,,,
어떡해.....ㅠㅠㅠㅠㅠㅠㅠㅠㅠㅠㅠㅠㅠㅠㅠㅠㅠㅠ,sa,,,
아이고,sa,,,
ㄹㅇㅋㅋㅋ큐ㅠ,n,,,
ㅠㅠㅠㅠㅠㅠㅠㅠㅠㅠㅠㅠㅠㅠ,sa,,,
선바가 나빴다...,n,,,
아이구...ㅠㅜㅜㅜㅜㅠㅠㅠㅠ,sa,,,
아이고...,sa,,,
ㅠㅠㅠㅠㅠㅠㅠ,sa,,,
헐 ㅠㅠㅠㅠㅠㅠㅠ,sa,,,
어케 큐ㅠㅠㅠㅠㅠㅠㅠㅠㅠㅠㅠㅠㅠㅠㅠㅠㅠㅠㅠㅠㅠㅠㅠㅠㅠㅠㅠㅠㅠ͏ㅠ,sa,,,
ㅠㅠㅠㅠㅠㅠㅠㅠㅠ,sa,,,
"도르마무하고싶다,,,,,,,,,,,,,,,,,,,,,,",n,,,
ㅠㅠㅠㅠㅠㅠㅠㅠㅠㅠ,sa,,,
선물...,n,,,
꼽주네 ㅋㅋㅋㅋㅋㅋ,n,,,
ㅠㅠㅠㅠㅠ,sa,,,
밥이 잘못했네..,n,,,
아 선물을 못 줘서 아,n,,,
ㅜㅜㅜㅜㅜㅜㅜㅜㅜㅜ,sa,,,
ㅠㅠㅠㅠㅠㅠㅠㅠㅠㅠㅠㅠㅠㅠㅠㅠㅠㅠㅠㅠㅠ,sa,,,
어어ㅜㅜㅜㅜㅠㅠㅠ,sa,,,
ㅜㅜㅜㅜㅜㅜㅜㅜㅜ,sa,,,
ㅠㅠㅠㅠㅠㅠㅠ아 어떡해 ㅠㅠㅠㅠㅠㅠㅠ,sa,,,
ㅠㅠㅠㅠㅠㅠ아,sa,,,
아ㅠㅠㅠ,sa,,,
아이고.....,sa,,,
아 다시하고싶다,n,,,
아ㅠㅠㅠㅠㅠㅠㅠㅠㅠㅠㅠㅠㅠㅠㅠㅠㅜ,sa,,,
ㅋㅋㅋㅋㅋ큐ㅠㅠㅠㅠㅠㅠ,sa,,,
ㅜㅠㅠㅠㅠㅠㅠㅠㅠㅠㅠㅠㅠㅠㅠㅠㅠㅠㅠㅠㅠㅠ,sa,,,
ㅠㅠㅠㅠㅠㅠㅠㅠㅠㅠㅠㅠㅠㅠㅠㅠㅠㅠㅠ,sa,,,
"아,,,,,,",n,,,
하,n,,,
ㅠㅠㅠㅠㅠㅠ,sa,,,
선물 안줘서 그렇구나 ㅠㅠㅠㅠㅠㅠㅠㅠㅠㅠㅠㅠㅠ,n,,,
이건 조밥의...?,n,,,
ㅠㅠㅠ,sa,,,
선바가 잘못했네..,n,,,
아 ㅠㅠㅠㅠㅠㅠㅠㅠㅠㅠㅠㅠㅠㅠㅠㅠㅠ,sa,,,
ㅠㅠㅠㅠㅠㅠㅠㅠㅠㅠㅠㅠㅠㅠㅠㅠㅠㅠ,sa,,,
ㅋㅋㅋㅋㄲㅋㄱㅋㅋㅋㅋㅋㅋ,j,,,
양심ㅠㅜㅜㅠ,sa,,,
ㅠㅠㅠㅠㅠ,sa,,,
아앗..,n,,,
어떡해ㅠㅠ,sa,,,
ㅠㅠㅠㅠㅠㅠㅠㅠㅠ,sa,,,
하유....,n,,,
앜ㅋㅋㅋㅋㅋㅋ큐ㅠㅠㅠ,sa,,,
저기여 저 아파요...,n,,,
이거 내탓이잖아 ㅋㅋㅋㅋㅋㅋ,n,,,
ㅜㅜㅜ,sa,,,
아진짜ㅜㅜㅜㅜㅜㅜㅜㅜㅜㅜㅜㅜㅜ,sa,,,
선물있었으면..ㅠㅠ,n,,,
으엉엉ㅇ,n,,,
어 어케ㅠㅠㅠㅠ,sa,,,
튼튼한거 아니라도 주지,n,,,
죄송해요 ㅠㅠㅠㅠㅠㅠ,sa,,,
아이고 ㅜㅜㅜ,n,,,
선바님때문이야ㅜㅜ,n,,,
ㅠㅠㅠㅠㅠㅠㅠㅠㅠㅠㅠㅠ,sa,,,
ㅜㅜㅜㅜㅠㅠㅠㅠㅠ,sa,,,
ㅠㅠㅠㅠㅠㅠㅠㅠㅠ,sa,,,
에메랄드 ㄷ,n,,,
"밥,,,,",n,,,
아이고,n,,,
아이구...ㅠㅠㅠㅠ,sa,,,
머리에 달린 보석을 파시지 ㅠㅠㅠ,sa,,,
ㅠㅠㅠㅠㅠ,sa,,,
아이고..,n,,,
ㅋㅋㅋㅋㅋㅋㅋ,sa,,,
"제성함다,,,,,",n,,,
아ㅠㅠㅠㅠㅠㅠㅠㅠㅠ,sa,,,
선바가 나빴다.....,n,,,
선바가..........,n,,,
아 선물을 못 줘가지고 ㅠㅠㅠㅠㅠㅠㅠㅠㅠㅠㅠㅠㅠㅠㅠㅠㅠㅠㅠㅠㅠ,sa,,,
아.............,n,,,
ㅠㅠㅠㅠㅠㅠㅠㅠㅠㅠㅠ,sa,,,
아닙니다 할머니ㅠㅠ,sa,,,
ㅠㅠㅠㅠㅠㅠㅠㅠㅠㅠㅠㅠㅠ,sa,,,
아아앗...,n,,,
ㅜㅠㅜㅠㅜㅠㅜㅠ,sa,,,
ㅜㅠㅠ,sa,,,
ㅜㅜㅜㅜㅜㅜ,sa,,,
ㅜㅜㅠㅠㅠ,sa,,,
헐...,su,,,
헤헤,j,,,
오장알,n,,,
헐,su,,,
헉,su,,,
헐,su,,,
헐,su,,,
헐ㄹ,su,,,
"원수야,,",n,,,
왐마,n,,,
옆집 바뀌었어 ㅠㅠㅠㅠㅠㅠ,sa,,,
ㅠㅠㅠㅠ,sa,,,
안돼,n,,,
어이구,n,,,
에메랄두ㅠㅠㅠㅠㅠㅠㅠ,sa,,,
헐,su,,,
헐,su,,,
"헐,,",su,,,
원수...ㅠㅠ,n,,,
원수...,n,,,
헐,su,,,
헐,su,,,
ㅠㅠㅠㅠ,sa,,,
헐,su,,,
헐,su,,,
ㅠㅠ,sa,,,
ㅜㅜㅜ,sa,,,
원수..,n,,,
원수야 ㅠㅠㅠㅠㅠㅠㅠㅠㅠㅠ,sa,,,
ㅜㅜㅠㅠㅠ,sa,,,
ㅜㅜㅜㅜㅜ,sa,,,
ㅠㅠㅠ,sa,,,
ㅠㅠㅠㅠㅠㅠ,sa,,,
ㅠㅠㅠ,sa,,,
헉 ㅠㅠ,sa,,,
ㅠㅠㅠㅠ,sa,,,
워메...,n,,,
헐 ㅠㅠ,sa,,,
ㅠㅠㅠㅠ,sa,,,
와우,n,,,
ㅠㅠㅠㅠㅠㅠㅠㅠㅠㅠㅠㅠ,sa,,,
ㅋㅋㅋㅋㅋㅋㅋㅋㅋㅋㅋㅋ,j,,,
ㅋㅋㅋㅋㅋㅋㅋ,j,,,
ㅋㅋㅋㅋㅋㅋㅋㅋㅋㅋㅋㅋ,j,,,
ㅋㅋㅋㅋㅋㅋㅋㅋㅋㅋㅋㅋㅋㅋㅋㅋㅋㅋ,j,,,
아이참,n,,,
ㅋㅋㅋㅋㅋㅋㅋㅋㅋㅋㅋㅋㅋㅋㅋ,j,,,
과욕범죄자로 잡혀가욧!,n,,,
ㅋㅋㅋㅋㅋㅋㅋㅋㅋㅋㅋㅋㅋㅋㅋ,j,,,
앞뒤가 안맞자나,n,,,
ㅋㅋㅋㅋㅋㅋㅋㅋㅋ,j,,,
뱃지 달고,n,,,
ㅋㅋㅋㅋ,j,,,
과욕범죄자,n,,,
어허?,n,,,
ㅋㅋㅋㅋㅋㅋㅋㅋㅋㅋㅋㅋㅋㅋㅋㅋㅋㅋㅋㅋㅋㅋㅋㅋㅋㅋㅋㅋㅋㅋㅋㅋㅋ,j,,,
ㅋㅋㅋㅋㅋㅋㅋㅋㅋㅋㅋㅋㅋ,j,,,
앟ㅋㅋㄲ과욕????,n,,,
ㅋㅋㅋㅋㅋㅋㅋㅋㅋ,j,,,
ㅋㅋㅋㅋㅋㅋㅋㅋㅋㅋ,j,,,
ㅋㅋㅋㅋㅋㅋㅋㅋ,j,,,
ㅋㅋㅋㅋㅋㅋㅋㅋㅋ,j,,,
오케이~,n,,,
???,q,,,
??,q,,,
ㅋㅋㅋㅋㅋㅋㅋ,j,,,
ㅋㅋㅋㅋㅋㅋㅋㅋㅋㅋㅋ,j,,,
ㅋㅋㅋㅋㅋㅋㅋㅋㅋㅋㅋㅋㅋㅋㅋㅋㅋㅋㅋㅋㅋㅋㅋㅋㅋㅋㅋㅋㅋㅋㅋㅋㅋㅋㅋ,j,,,
ㅋㅋㅋㅋㅋㅋㅋㅋ,j,,,
ㅋㅋㅋㅋㅋㅋㅋㅋㅋㅋ,j,,,
ㅋㅋㅋㅋㅋㅋㅋㅋㅋ,j,,,
ㅋㅋㅋㅋㅋㅋㅋㅋㅋㅋㅋ,j,,,
ㄱ ㅅ,n,,,
ㅋㅋㅋㅋㅋㅋㅋㅋㅋㅋㅋㅋㅋㅋㅋㅋㅋㅋ,j,,,
ㅋㅋㅋㅋㅋㅋㅌㅋㅋㅋㅋㅋㅋㅋㅋㅋㅋ,j,,,
ㅋㅋㅋㅌㅋㅋㅌㅋㅋㅋㅋㅋㅋㅋㅋ,j,,,
ㅋㅋㅋㅋㅋㅋㅋㅋㅋㅋㅋㅋㅋㅋㅋ,j,,,
ㅋㅋㅋㅋㅋㅋㅋㅋㅋㅋㅋ,j,,,
ㅋㅋㅋㅋㅋㅋㅋㅋㅋㅋㅋㅋㅋㅋㅋㅋㅋㅋ,j,,,
ㅋㅋㅋㅋㅋㅋㅋㅋㅋㅋㅋㅋㅋㅋㅋㅋ,j,,,
ㅋㅋㅋㅋㅋㅋㅋㅋㅋㅋㅋ,j,,,
ㅋㅋㅋㅋㅋㅋㅋㅋㅋㅋㅋㅋㅋㅋ,j,,,
ㅋㅋㅋㅋㅋㅋㅋㅋㅋㅋㅋㅋㅋㅋㅋㅋ,j,,,
ㅋㅋㅋㅋㅋㅋㅋㅋㅋㅋㅋㅋㅋㅋㅋㅋㅋㅋㅋㅋㅋㅋㅋㅋㅋㅋㅋ,j,,,
ㅋㅋㅋㅋㅋㅋㅋㅋㅋㅋㅋㅋㅋㅋㅋㅋㅋㅋㅋㅋ,j,,,
ㅋㅋㅋㅋㅋㅋㅋㅋㅋㅋㅋ,j,,,
ㅋㅋㅋㅋㅋㅋㅋㅋㅋㅋㅋㅋㅋㅋㅋㅋㅋㅋㅋㅋㅋㅋㅋㅋㅋㅋㅋㅋㅋㅋㅋㅋ,j,,,
앟,n,,,
ㅋㅋㅋㅋㅋㅋㅋㅋㅋㅋㅋ,j,,,
ㅋㅋㅋㅋㅋㅋㅋㅋㅋㅋㅋ,j,,,
ㅋㅋㅋㅋㅋㅋㅋㅋㅋㅋㅋㅋㅋ,j,,,
ㅋㅋㅋㅋㅋㅋㅋㅋㅋㅋㅋㅋㅋㅋ,j,,,
개이득봄ㅋㅋㅋㅋㅋㅋ,j,,,
ㅋㅋㅋㅋㅋㅋㅋㅋㅋㅋㅋㅋㅋㅋㅋㅋㅋㅋ,j,,,
ㅋㅋㅋㅋㅋㅋㅋㅋㅋㅋㅋㅋㅋㅋㅋㅋㅋㅋㅋㅋㅋㅋㅋㅋㅋㅋㅋㅋㅋㅋㅋ,j,,,
ㅋㅋㅋㅋㅋㅋㅋㅋㅋㅋㅋㅋ,j,,,
ㅋㅋㅋㅋㅋㅋㅋㅋㅋㅋㅋㅋㅋ,j,,,
손해 ㅋㅋㅋㅋㅋㅋㅋㅋㅋㅋㅋㅋ,j,,,
ㅋㅋㅋㅋㅋㅋㅋㅋㅋㅋㅋㅋㅋㅋㅋㅋㅋㅋㅋㅋㅋㅋ,j,,,
ㅋㅋㅋㅋㅋㅋㅋㅋㅋㅋㅋㅋㅋㅋㅋㅋㅋㅋ,j,,,
ㄱㅇㄷ!,n,,,
???,q,,,
ㅋㅋㅋㅋㅋㅋㅋㅋㅋㅋㅋㅋㅋㅋ,j,,,
ㄱㅇㄷ,n,,,
ㅋㅋㅋㅋㅋㅋㅋㅋㅋㅋㅋㅋㅋㅋㅋㅋㅋㅋㅋㅋ,j,,,
ㅋㅋㅋㅋㅋㄱㅋㅋㅋㄱㅋㄱㅋ,j,,,
ㅋㅋㅋㅋㅋㅋㅋㅋㅋㅋㅋㅋㅋㅋㅋㅋ,j,,,
ㄱㅅㅇ,n,,,
ㅋㅋㅋㅋㅋㅋㅋㅋㅋㅋㅋㅋㅋㅋㅋㅋㅋㅋㅍㅋ,j,,,
ㅋㅋㅋㅋㅋㅋㅋㅋㅋㅋㅋㅋ,j,,,
ㅋㅋㅋㅋㅋㅋㅋㅋㅋㅋㅋㅋㅋㅋ,j,,,
읭,n,,,
뭐지 하루만에,n,,,
와 색출했어,n,,,
설마,n,,,
밥 죠,n,,,
엥,su,,,
엥 저게 되었다고?,n,,,
와우,su,,,
헐,n,,,
ㅋㄲㄲㄱㄱ이름머에요ㅋ ㅠㅜㅜ,n,,,
엥,su,,,
엥?,su,,,
조밥ㅋㅋㅋㅋ,n,,,
주작 아녀?,n,,,
그러게요??,n,,,
진짜 주작인가,n,,,
엥?,su,,,
엥,su,,,
엉?,su,,,
와?,su,,,
????,q,,,
ㅇㅇ,n,,,
!업타임,n,,,
엥,su,,,
엥ㅇ,su,,,
주작하네,n,,,
헐,n,,,
엥,su,,,
엥,su,,,
엥,su,,,
엥?,su,,,
오,su,,,
오오,su,,,
오오,su,,,
헐,su,,,
헐,su,,,
헐,su,,,
헐,su,,,
헐,su,,,
헐,su,,,
헐,su,,,
헐,su,,,
헐,su,,,
헐,su,,,
헐,su,,,
기억이 되돌아오는중 인가?,n,,,
헐,su,,,
헐..,su,,,
ㅎㄹ,su,,,
헐,su,,,
헉,su,,,
헐?,su,,,
헉,su,,,
헐,su,,,
헐,su,,,
허,su,,,
헉,su,,,
헐,su,,,
헐,su,,,
헐..,su,,,
헉,su,,,
헉,su,,,
헐,su,,,
헐,su,,,
교체,n,,,
???,q,,,
?,q,,,
엥,su,,,
?,q,,,
엥,su,,,
뾰정ㅋㅋㅋ,n,,,
앟,n,,,
엥,n,,,
?,su,,,
짭인가?,n,,,
뭐여,n,,,
엥,su,,,
ㅋㅋㅋㅋㅋㅋㅋㅋㅋㅋㅋ,j,,,
ㅋㅋㅋㅋㅋㅋㅋㅋㅋㅋㅋㅋㅋ,j,,,
??,q,,,
엥?,su,,,
재질 봐야할듯,n,,,
게임에서도 자낳괴,n,,,
앟,n,,,
짭인가봄,n,,,
엫?,n,,,
ㄹㅇ,n,,,
ㄹㅇ,n,,,
상자?,n,,,
돈을 안줘,n,,,
ㅋㅋㅋㅋㅋㅋㅋㅋㅋㅋㅋ,j,,,
자동공격이여,j,,,
옼ㅋㅋㅋㅋㅋ,j,,,
ㅋㅋㅋㅋㅋㅋㅋㅋㅋㅋㅋㅋㅋㅋㅋㅋㅋㅋㅋ,j,,,
ㅋㅋㅋㅋㅋㅋㅋㅋㅋㅋㅋ,j,,,
ㅋㅋㅋㅋㅋㅋㅋㅋㅋㅋㅋ,j,,,
와아,n,,,
ㅋㅋㅋㅋㅋㅋㅋㅋㅋㅋ,j,,,
어우,n,,,
어웈ㅋㅋㅋ,n,,,
왘ㅋㅋㅋㅋㅋㅋㅋㅋ,n,,,
ㅋㅋㅋㅋㅋㅋㅋㅋㅋㅋㅋㅋㅋㅋ,j,,,
오 ㅋㅋㅋㅋ,j,,,
ㅋㅋㅋㅋㅋㅋ,j,,,
ㅋㅋㅋㅋㅋㅋㅋ,j,,,
ㅋㅋㅋㅋㅋㅋㅋㅋㅋㅋ,j,,,
엌ㅋㅋㅋㅋㅋㅋㅋㅋㅋㅋㅋㅋ,j,,,
ㅋㅋㅋㅋㅋㅋㅋㅋㅋㅋㅋ,j,,,
!업타임,n,,,
방송시간: 4 hours 36 minutes 3 seconds,n,,,
ㅋㅋㅋㅋㅋㅋㅋㅋㅋㅋㅋㅋㅋㅋㅋ,j,,,
이거 되게@신나네요,n,,,
방송 업타임: 4 시간 36 분 03 초,n,,,
오,su,,,
오?,su,,,
오,su,,,
오,su,,,
오,su,,,
오?,su,,,
오오오,su,,,
좋다,n,,,
오,su,,,
손 나보다 예쁜데?,n,,,
총으로 싸우다 져서 이지모드러 들어왓어요 이지머드는 총 못듬,n,,,
오오,su,,,
오오오,su,,,
오옹ㅇ,su,,,
ㅇ오오오오,su,,,
오,su,,,
ㅇㅎ?,n,,,
오,su,,,
헐 우와,su,,,
오?,su,,,
오오,su,,,
오호,su,,,
우와,su,,,
와,su,,,
와아아아아아아아!!!,su,,,
라인업 지렸따,n,,,
와아아아아,su,,,
ㅅㄴㅅㄴ,n,,,
와ㅏㅏㅏㅏㅏ,su,,,
예ㅔㅔㅔㅔㅔㅔㅔㅔㅔㅔ,n,,,
와ㅏ아,su,,,
뿌뿌뿌이,n,,,
와 3일연속합방,n,,,
인 싸,n,,,
뿌뿌뿌,n,,,
와아악,su,,,
와 인싸다~!~!~!~!,n,,,
epdpdpdpda,n,,,
와 인싸다,n,,,
완전 인싸아녀~~~,n,,,
와아아아아아ㅏㅇ,su,,,
인싸다!!,n,,,
와ㅏㅏㅏㅏㅏㅏ,su,,,
크으응,n,,,
인싸다!!!!.,n,,,
뿌뿌뿌뿌뿌이,n,,,
실화냐,d,,,
실화냐,d,,,
너모조아~~,n,,,
우와아아아아아아아아,su,,,
ㅅㄴㅅㄴㅅㄴㅅㄴㅅㄴ,n,,,
인싸다!!,n,,,
뿌뿌뿌이,n,,,
김선바 인싸에요오옹~?,n,,,
와,su,,,
예에에ㅔㅔㅔㅔㅔ,n,,,
선바가 인싸라니,n,,,
와ㅏㅏㅏ,su,,,
오늘 뭐해용,n,,,
와쌉,n,,,
뿌뿌뿌뿌이,n,,,
ㅋㅋㅋㅋㅋㅋㅋㅋㅋㅋㅋㅋㅋㅋ,j,,,
ㅅㄴㅅㄴ,n,,,
왜ㆍㅏㅏㅏ,n,,,
아싸뵤,n,,,
뿌뿌뿌뿌이,n,,,
ㅅㄴㅅㄴㅅㄴㅅㄴ,n,,,
3일연속 합방,n,,,
우리 선바님 인싸다아아,n,,,
합방 모냐구요~~,n,,,
예에에에에에ㅔ에에에에ㅔ엥,n,,,
선하 인싸님!,n,,,
ㅅㄴㅅㄴㅅㄴ,n,,,
인싸다 인싸,n,,,
와ㅏㅏㅏㅏ,su,,,
ㅋㅋㅋㅋ,j,,,
인싸야 인싸ㅏㅏㅏ,n,,,
예ㅖㅖㅖㅖㅖㅖㅖㅖㅖㅖ,n,,,
인싸다,n,,,
진짜 인싸자너,n,,,
ㅅㄴㅅㄴ,n,,,
서나서나,n,,,
뿌뿌뿌뿌,n,,,
인싸다~,n,,,
와ㅏㅏㅏㅏㅏㅏㅏ,su,,,
ㅅㄴㅅㄴ,n,,,
누구여,n,,,
와 기만자!,n,,,
인싸,n,,,
뿌뿌뿌뿌쀠이,n,,,
와ㅏㅏ,su,,,
선바다ㅏㅏㅏㅏㅏ,n,,,
선바완전 인싸인거임~~!,n,,,
인싸다인싸,n,,,
반가워용용,n,,,
와아ㅏ,su,,,
아닌가봐,n,,,
예ㅖㅖㅖㅖㅖㅖ,n,,,
ㅋㅋㅋㅋㅋㅋㅋㅋ,j,,,
와,su,,,
인싸야 아주,n,,,
ㅋㅋㅋㅋㅋㅋㅋㅋㅋㅋㅋ,j,,,
와,su,,,
3일연속 합방 실화냐,n,,,
와,su,,,
웅장...,n,,,
예에에에에에에ㅔ에에에ㅔ에,n,,,
시롸냐,d,,,
와 인싸닷,n,,,
실화냐?,d,,,
!업타임,n,,,
우왕,su,,,
인싸네 진심,n,,,
서나서나 오방화,n,,,
방송시간: 6 minutes,n,,,
메란,n,,,
당신 누구야,n,,,
와,su,,,
와,su,,,
오늘은 캠 느낌이 다르네요,n,,,
ㅋㅋㅋㅋㅋ,j,,,
인싸다~~~~,n,,,
뿌뿌뿌이이ㅣ,n,,,
크,n,,,
~~~~~~~~~~~,n,,,
이욜,n,,,
와아아아아아,su,,,
멋지다 김선바!,n,,,
와ㅏ아ㅏ아아,su,,,
인싸당!!!,su,,,
진짜 개쩐다,su,,,
대박,su,,,
당신 누구야,n,,,
욍오아오아오아,n,,,
이야,su,,,
와아앙,su,,,
와아,su,,,
인싸다!!,n,,,
데엠,n,,,
방송 업타임: 0 시간 06 분 00 초,n,,,
와우와우 뿌뿌뿌뿌,su,,,
와아,su,,,
실화냐,n,,,
오~~~~,su,,,
오오오오오오,su,,,
기만자,t,,,
????실화???,d,,,
인싸 다됐네요,n,,,
"진짜 가슴이 웅장해진다,,",n,,,
"헐,;;",su,,,
와ㅏㅏㅏㅏ와ㅏㅏ,su,,,
와ㅏㅏㅏ인싸다,su,,,
호!!!!!! 합방!!!,n,,,
누구누구누구누구,n,,,
가슴이 웅장해진다,n,,,
오래 살고 볼일이다,n,,,
김서누 인싸 다됬따ㅏㅏㅏㅏ,n,,,
SeemsGood SeemsGood,n,,,
가슴이 웅장해진다,n,,,
오방 ~~~,n,,,
와,su,,,
ㅋㅋㅋㅋㅋㅋㅋㅋㅋㅋㅋㅋㅋㅋ,j,,,
ㅋㅋㅋㅋㅋㅋㅋㅋ,j,,,
인싸다,n,,,
데에에에에엠,n,,,
와 인싸잖아?,n,,,
오,su,,,
데엠,n,,,
오우우에에ㅔㅇ,su,,,
우와아앙,su,,,
와...미쳣다,su,,,
우리만 빼고 인싸 되셨어요 왜!!!!!,n,,,
어몽어스 조아,n,,,
싹싹긇으셨네,n,,,
내가 알던 선바가 아니야,n,,,
ㅉㅉㅉㅉㅉ,t,,,
당신 길규지,n,,,
와 인싸다아아아,n,,,
여어어얼,n,,,
!선술잘,n,,,
ㅋㅋㅋㅋ,j,,,
데엠,n,,,
내가 알던 선바 아냐,n,,,
김길규씨 아니신가요?,n,,,
뿌뿌뿌뿌이,n,,,
당신 김길규지,n,,,
ㅠㅠㅠㅠ,sa,,,
ㄴㄲㄱㄴㄲㄴㄱㄴㄱㄴㄱㄴㄱㄴ,n,,,
ㅅㄴㅅㄴ,n,,,
ㄷㄷㄷㄷㄷㄷ,su,,,
인싸다 인싸,n,,,
웅ㅡ장,n,,,
말도안돼,n,,,
실화냐 내가 알던 선바 맞나,d,,,
이여려려ㅕ렬ㄹㄹ,n,,,
누구세요,n,,,
와아아아아,su,,,
기만자 인싸,t,,,
ㅁㅃㅃ,n,,,
와 인싸!!!!,n,,,
오~~~~~~~~,su,,,
와우,n,,,
누구지,n,,,
당신 누구야,n,,,
선싸 인바다,n,,,
인싸 ㅇㅈ,n,,,
서나서나,n,,,
눠야~| 인싸잖아;;,n,,,
데에에에에엠,n,,,
와아아아아아앙,su,,,
인싸다 인싸~~~!~!!~,n,,,
CurseLit CurseLit CurseLit 데엠,n,,,
헐,su,,,
오오어어어ㅓ아아아아,su,,,
아싸라며-!아싸라며~!!!!,n,,,
오늘합방?!,n,,,
맞다,n,,,
인쏴,n,,,
웹인싸,n,,,
올,su,,,
와 인싸다 인싸,su,,,
왕아ㅏ아아,su,,,
ㅘ!!!!,su,,,
ㅋㅋㅋㅋㅋㅋㅋㅋㅋㅋㅋㅋㅋㅋ,j,,,
웅장해진다,n,,,
유인싸!!!,n,,,
넹,n,,,
맘이 웅장해짐다,n,,,
인싸다인싸,n,,,
이제 인싸가 되셨군요,n,,,
와,su,,,
오,su,,,
오,su,,,
오오,su,,,
오,su,,,
오,su,,,
와와,su,,,
웅장하네요,su,,,
오오,su,,,
ㅋㅋㅋㅋㅋㅋㅋㅋㅋㅋㅋㅋㅋ,j,,,
오오옹,su,,,
오오,su,,,
오오,su,,,
디용,n,,,
선바인싸,su,,,
ㅋㅋㅋㅋㅋㅋㅋㅋㅋㅋㅋㅋ,j,,,
오,su,,,
ㅋㅋㅋㅋㅋㅋㅋㅋㅋㅋ,j,,,
오,su,,,
니가 알던 내가 아냐,n,,,
인싸 길규님 하이,n,,,
오오,su,,,
오,su,,,
ㅋㅋㅋㅋㅋㅋㅋㅋㅋㅋㅋㅋㅋㅋㅋㅋㅋ,j,,,
옼ㅋㅋㅋ,j,,,
오,su,,,
오???,su,,,
오ㅋㅋㅋㅋㅋㅋㅋㅋ,j,,,
ㅋㅋㅋㅋㅋㅋㅋㅋㅋㅋㅋㅋㅋㅋㅋㅋㅋㅋㅋ,j,,,
엌ㅋㅋㅋㅋㅋㅋㅋㅋㅋㅋㅋ,j,,,
엌ㅋㅋㅋㅋㅋ,j,,,
오오??,su,,,
오오오,su,,,
오오,su,,,
엌ㅋㅋㅋㅋㅋㅋㅋㅋㅋㅋ,j,,,
와,su,,,
옹,su,,,
가슴이 웅장해진다,n,,,
오모나,su,,,
오오오,su,,,
와,su,,,
ㅋㅋㅋㅋㅋㅋㅋㅋㅋ,j,,,
오,su,,,
오,su,,,
인싸다인싸,n,,,
ㅋㅋㅋㅋㅋㅋ,j,,,
ㅋㅋㅋㅋㅋㅋㅋㅋㅋㅋㅋㅋㅋㅋ,j,,,
당신 선바아니지 김길규씨지!!!,n,,,
오오오오,su,,,
오오오오오오오,su,,,
오옹,su,,,
오오,su,,,
우왕,su,,,
오오,su,,,
오오ㅗㅇ,su,,,
헉,su,,,
당신 김선바 아니지,n,,,
CurseLit CurseLit CurseLit CurseLit CurseLit CurseLit CurseLit CurseLit CurseLit CurseLit CurseLit CurseLit CurseLit CurseLit CurseLit CurseLit CurseLit,n,,,
오오옹,su,,,
ㅋㅋㅋㅋㅋ,j,,,
대박,su,,,
오오,su,,,
당신 내가 알던' 그'가 맞나,n,,,
오,su,,,
오억 ~~,su,,,
오,su,,,
ㅋㅋㅋㅋㅋㅋㅋㅋㅋㅋㅋㅋㅋㅋㅋㅋㅋㅋㅋㅋㅋ,j,,,
ㅣㅣㅋㅋㅋㅋㅋㅋㅋㅋㅌ,j,,,
오 대박ㅋㅋㅋㅋㅋㅋㅋ,j,,,
오오오,su,,,
오호,su,,,
ㅋㅋㅋㅋㅋㅋㅋㅋㅋㅋㅋㅋㅋㅋㅋㅋㅋㅋㅋㅋ,j,,,
앟,su,,,
인싸,n,,,
대박,su,,,
역싴ㅋㅋㅋㅋㅋㅋㅋㅋㅋ,j,,,
와아아아,su,,,
인싸,n,,,
옼ㅋㅋㅋㅋㅋㅋㅋ,j,,,
오오,su,,,
ㅋㅋㅋㅋㅋㅋㅋㅋㅋㅋㅋㅋㅋㅋㅋㅋ우왕,j,,,
옹ㅋㅋㅋㅋ,j,,,
ㅋㅋㅋㅋㅋㅋㅋㅋㅋㅋㅋㅋㅋㅋㅋㅋㅋㅋㅋㅋㅋㅋㅋㅋㅋㅋㅋ,j,,,
와 대박,su,,,
ㅋㅋㅋㅋㅋㅋㅋㅋㅋㅋㅋㅋㅋ,j,,,
ㅋㅋㅋㅋㅋㅋㅋㅋㅋㅋㅋㅋㅋ,j,,,
ㅋㅋㅋㅋㅋㅋㅋㅋㅋㅋㅋㅋㅋㅋㅋㅋㅋ,j,,,
열열,su,,,
ㅋㅋㅋㅋㅋㅋㅋㅋㅋㅋㅋㅋㅋ,j,,,
ㅋㅋㅋㅋㅋㅋㅋㅋㅋㅋㅋㅋㅋㅋ,j,,,
!제목,n,,,
ㅋㅋㄱㅋㄱㄱㅋㄱㅋㄱㅋㅋ,j,,,
ㅋㅋㅋㅋㅋㅋㅋㅋㅋㅋㅋ,j,,,
대박ㅋㅋㅋㅋㅋ,j,,,
와아ㅏㅏ,su,,,
와앙,su,,,
ㅋㅋㅋㅋㅋㅋㅋㅋㅋㅋㅋㅋㅋㅋㅋ,j,,,
ㅋㅋㅋㅋㅋㅋㅋㅋ,j,,,
오오오,su,,,
나이수,n,,,
와아아아ㅏ,su,,,
ㅋㅌㅌㅌㅌㅌㅌㅌㅌㅌㅌ,j,,,
ㅋㅋㅋㅋㅋㅋㅋㅌㅋㅌㅋㅋㅋㅋㅋㅋㅋㅋ,j,,,
우와우와,su,,,
ㅋㅋㅋㅋㅋㅋㅋㅋㅋㅋㅋㅋㅋㅋㅋ,j,,,
ㅋㅋㅋㅋㅋㅋㅋㅋㅋㅋㅋㅋ,j,,,
좋다,n,,,
굿굿,n,,,
와아아아ㅏ,su,,,
오오오ㅗ오오ㅗㅇ,su,,,
웃소조아~~~,su,,,
오,su,,,
ㅋㅋㅋㅋㅋㅋㅋㅋㅋㅋㅋㅋㅋㅋㅋ,j,,,
와,su,,,
와ㅏㅏ,su,,,
대박,su,,,
이열,su,,,
ㅏㅏㅏㅏㅏㅏㅏㅏㅏㅏㅏㅏㅏㅏㅏㅏㅏㅏㅏㅏㅏㅏㅏㅏㅏ,n,,,
대바악,su,,,
이여어어어얼,n,,,
와댑악,su,,,
매라님 으어엉,n,,,
넘조아 ㅠ,n,,,
ㅋㅋㅋㅋㅋㅋㅋㅋㅋㅋㅋㅌㅌ,j,,,
아 너무좋다~,n,,,
오오오오,su,,,
ㄴㅇㅅ,n,,,
ㅋㅋㅋㅋㅋㅋㅋㅋㅋㅋㅋㅋㅋㅋㅋㅋ,j,,,
대박,su,,,
너무 조아요ㅠ,n,,,
ㅋㅋㅋㅋㅋㅋㅋㅋㅋ,j,,,
ㅜㅘ,su,,,
ㅋㅋㅋㅋㅋㅋㅋㅋㅋ,j,,,
굿굿,n,,,
ㅋㅋㅋㅋㅋㅋㅋㅋㅋㅋㅋㅋ,j,,,
완전 인싸다,n,,,
ㅋㅋㅋㅋㅋㅋㅋㅋㅋㅋ,j,,,
💨💨💨,n,,,
예ㅖㅖ,n,,,
오오아아아ㅏㅏ,su,,,
와 대박~~~~,su,,,
!방제,n,,,
대박,su,,,
ㅇㅈ,n,,,
현재 방송제목: SBBS,n,,,
와아아아,su,,,
와ㅏㅏㅏㅏㅏㅏㅏㅏ,su,,,
오~,su,,,
꺄,n,,,
ㅋㅋㅋㅋㅋㅋㅋㅋㅋㅋㅋㅋㅋㅋ,j,,,
ㄹㅇ 누구야,n,,,
짱이다,n,,,
예예애,n,,,
네네,n,,,
오오오,su,,,
sunbaRomgok2,n,,,
와ㅏㅏ,su,,,
넹,j,,,
와와,su,,,
길하,j,,,
어오오ㅗㅇ,su,,,
좋다,j,,,
와우,su,,,
매라님은?????,n,,,
ㅋㅋㅋㅋㅋㅋㅋㅋㅋㅋㅋㅋ,j,,,
ㅅㄴㅅㄴㅅㄴㅅㄴㅅㄴㅅㄴㅅㄴ,n,,,
ㅋㅋㅋㅋㅋㅋㅋㅋㅋㅋㅋㅋㅋㅋㅋㅋㅋㅋㅋㅋㅋㅋㅋㅋㅋㅋㅋ,j,,,
웃소완전체??,n,,,
와아,su,,,
오호,su,,,
ㅋㅋㅋㅋㅋㅋㅋㅋㅋ이야,su,,,
ㅋㅋㅋㅋㅋㅋㅋㅋㅋㅋㅋㅋ,j,,,
너무 좋아용,n,,,
인싸 나가신다 길을 비켜라,n,,,
야! 너두?,n,,,
ㅋㅋㅋㅋ,j,,,
와짱조아ㅋㅋㅋㅋㅋㅋㅋㅋㅋㅋ,n,,,
개조아ㅠㅠㅠㅠㅠ웃소 ㅜㅜㅜㅜㅜㅜㅜ,n,,,
인싸다 우리 선바님,n,,,
ㄱㄴㄲ,n,,,
ㅋㅋㅋㅋㅋㅋㅋㅋㅋㅋㅋㅋㅋㅋㅋㅋㅋㅋㅋㅋㅋㅋㅋㅋ,j,,,
오옹오,su,,,
와~!,su,,,
ㅋㅋㅋㅋㅋㅋㅋㅋㅋㅋ,j,,,
진짜 싹싹 긁어오셨군요...,n,,,
ㅋㅋㅋㅋㅋㅋㅋㅋㅋㅋㅋㅋㅋㅋㅋㅋㅋㅋㅋㅋㅋㅋㅋㅋㅋㅋㅋㅋㅋㅋㅋ,j,,,
와아앙아ㅏ,su,,,
아하,su,,,
길하~,n,,,
ㅋㅋㅋㅋㅋㅋㅋㅋㅋㅋㅋ,j,,,
선우님 맞나여,n,,,
인싸다인싸,n,,,
맞짘ㅋㅋㅋ,n,,,
ㅋㅋㅋㅋㅋㅋㅋㅋㅋㅋㅋㅋ,j,,,
ㅋㅋㄱㅋㄱㅋㅋ,j,,,
오,su,,,
김길규 ㅋㅋㅋㅋㅋㅋㅋㅋㅋㅋㅋㅋㅋㅋ,n,,,
ㅋㅋㅋㅋㅋㅋㅋㅋㅋㅋㅋㅋㅋㅋ,j,,,
"와,,",su,,,
너무 조음 ㅠㅠㅠㅠ,n,,,
ㅁㅈㅁㅈ,n,,,
선하선하,n,,,
우와~,su,,,
ㅋㅋㅋㅋㅋㅋ,j,,,
와아앙ㅇ,su,,,
오오오오,su,,,
ㅋㅋㅋㅋㅋㅋㅋㅋㅋㅋㅋㅋㅋㅋㅋ,j,,,
크으,su,,,
와ㅏㅏㅏㅏㅏㅏ,su,,,
ㅁㅈ,n,,,
ㅋㅋㅋㅋㅋㅋㅋㅋㅋㅋㅋㅋㅋㅋㅋㅋㅋㅋㅋㅋㅋㅋㅋ,j,,,
와우,su,,,
!업타임,n,,,
ㅋㅋㅋㅋㅋㅋㅋㅋㅋㅋㅋㅋㅋㅋㅋㅋ,j,,,
ㅋㅋㅋㅋㅋㅋㅋㅋㅋ,j,,,
ㅋㅋㅋㅋㅋㅋㅋㅋㅋㅋㅋㅋㅋ,j,,,
방송 업타임: 0 시간 07 분 03 초,n,,,
방송시간: 7 minutes 3 seconds,n,,,
와,su,,,
와,su,,,
ㅋㅋㅋㅋㅋㅋㅋㅋㅋㅋㅋㅋㅋㅋ,j,,,
어몽어스 개져아,n,,,
KomodoHype KomodoHype KomodoHype,n,,,
와아,su,,,
와아ㅏㅏㅏ,su,,,
ㅋㅋㅋㅋㅋㅋㅋㅋㅋㅋㅋㅋ,j,,,
와아아아ㅏㅇ,su,,,
와,su,,,
와,su,,,
아 ㅋㅋㅋㅋㅋㅋㅋㅋㅋㅋ,j,,,
ㅋㅋㅋㅋㅋㅋㅋㅋㅋㅋㅋㅋㅋㅋㅋㅋㅋㅋㅋㅋㅋ,j,,,
와,su,,,
ㅋㅋㅋㅋㅋㅋㅋㅋㅋㅋ,j,,,
오오,su,,,
ㅋㅋㅋㅋㅋㅋㅋㅋㅋㅋㅋㅋㅋㅋㅋ,j,,,
와 진짜 인싸다 인싸,n,,,
ㅋㅋㅋㅋㅋㅋㅋㅋㅋㅋㅋㅋㅋㅋㅋㅋ,j,,,
ㅋㅋㅋㅋㅋㅋㅋㅋ,j,,,
그건아님,t,,,
ㅋㅋㅋㅋㅋㅋㅋㅋㅋㅋㅋㅋㅋ,j,,,
흠?,t,,,
ㅋㅋㅋㅋㅋㅋㅋㅋㅋㅋㅋㅋㅋㅋㅋㅋㅋㅋㅋㅋㅋ,j,,,
그건 좀,t,,,
에바잖아 ㅋㅋㅋㅋㅋㅋ,t,,,
에바야 ㅋㅋㅋㅋ...,t,,,
아개에바얔ㅋㅋㅋㅋㅋㅋㅋㅋㅋㅋㅋㅋㅋㅋㅋㅋㅋㅋㅋㅋㅋㅋ,t,,,
에바닼ㅋㅋㅋㅋㅋㅋㅋㅋㅋㅋㅋㅋ,t,,,
에바,t,,,
에바,t,,,
에바야,t,,,
에바ㅋㅋㅋㅋㅋ,t,,,
?에바다,t,,,
에바다,t,,,
아 에바,t,,,
40등 에바,t,,,
에바다,t,,,
에바다 ㅋㅋㅋㅋㅋㅋㅋㅋㅋㅋㅋㅋㅋ,t,,,
에바다,t,,,
진자 에바다 ㅋㅋㅋㅋㅋㅋㅋㅋㅋㅋㅋㅋㅋㅋㅋㅋㅋ,t,,,
와 진짜 에바........,t,,,
에바야 ㅋㅋㅋㅋㅋㅋㅋㅋㅋㅋㅋ,t,,,
에바다,t,,,
개에바,t,,,
보증금...개에바,t,,,
에바ㅋㅋㅋㅋㅋㅋㅋㅋㅋㅋㅋㅋ,t,,,
에바임,t,,,
에바야,t,,,
에바네...,t,,,
에바,t,,,
에바,t,,,
에바,t,,,
이건 에바지,t,,,
에바야,t,,,
에바다,t,,,
진짜 에바다 ㅋㅋㅋㅋ,t,,,
에바지,t,,,
에바다,t,,,
에바다 ㄹㅇ,t,,,
에바야 이거,t,,,
에바잖아,t,,,
에바다ㅋㅋㅋㅋㅋ,t,,,
에바,t,,,
에바,t,,,
개소리야,t,,,
개소리 자신 있음,t,,,
멍개소리야,t,,,
ㄹㅇㅋㅋ,t,,,
바보~~,t,,,
선바보아녀~~~,t,,,
바보래여~~~,t,,,
선바보,t,,,
선바보,t,,,
선바보,t,,,
선바보,t,,,
선바보,t,,,
ㅋㅋㅋㅋㅋㅋ바보바보,t,,,
ㅋㅋㅋㅋㅋㅋㅋㅋㅋㅋ 바보..,t,,,
박나나는 바보야,t,,,
박나나는 바보야,t,,,
바보야...?,t,,,
바보야,t,,,
진짜 바보다...,t,,,
님아 코드 다 보여요 바보야,t,,,
바보,t,,,
바보야,t,,,
바보..,t,,,
바보야,t,,,
바부,t,,,
바보바보,t,,,
바보다,t,,,
"바보,,,",t,,,
바보..,t,,,
바보바보,t,,,
바보,t,,,
바보.....,t,,,
바보디투,t,,,
바보가 바보에게,t,,,
바보,t,,,
바보,t,,,
와 시야차이,t,,,
1시야,t,,,
와 시야ㅋㅋㅋㅋㅋㅋ 하,t,,,
"기적의 시야,,",t,,,
당신의 시야를 응원합니다,t,,,
리신급 시야!!,t,,,
선바님....시야실화....?,t,,,
기적의 시야,t,,,
시야진짜,t,,,
기적의 시야,t,,,
시야 뭔일이야진짜,t,,,
김선바 시야 응원합니다...,t,,,
시야 ㄹㅈㄷ,t,,,
시야가 얼마나 좁으면,t,,,
진짜 시야ㅋㅋㅋㅋㅋㅋㅋㅋㅋㅋㅋㅋㅋㅋ,t,,,
시좁시좁,t,,,
시야 ㄹㅈㄷ,t,,,
기적의시야!,t,,,
ㄹㅇ 시야 레전드,t,,,
선바님 시야가 더 레전드,t,,,
ㅇㄴ선바시야 ㄹㅇ,t,,,
시야 진짜...와,t,,,
선바님 시야가 제일 레전드다,t,,,
시야 레전드~~~~~~~~~,t,,,
시야 레게노~~~~,t,,,
"진짜 선바 시야,,,진짜 무사ㅓㅂ다",t,,,
시좁바ㄹㅇ레전드다 이게 세계관최강자의 시야인가,t,,,
와 시야의 중요성...,t,,,
당신의 시야도 틀렸어요,t,,,
님의 시야는요,t,,,
당신의 시야 또한....,t,,,
아무리 그래도 시야는 쫌;,t,,,
님 시야가 더 말이 안돼요,t,,,
와 님 시야 진짜...,t,,,
그리고 시야...,t,,,
당신의 시야는...,t,,,
진짜 어금니....,t,,,
어금니 아픕니다,t,,,
어금니아파,t,,,
어금니 빠드듣ㄱ,t,,,
진짜어금니,t,,,
내 어금니,t,,,
어금니 와드득,t,,,
어금니 다 나간다,t,,,
선바 7멷 역대급 어금니다...,t,,,
순돌이는요~ 어금니가 아파요~,t,,,
어금니 다 나간다,t,,,
아니 진자 멍청아ㅠㅜㅠㅠㅠㅠ큨ㅋㅋㅋㅋㅋ큐ㅠㅜㅠㅠㅠㅠㅠㅠ,t,,,
아 멍청아,t,,,
진짜 멍청이,t,,,
아멍청아!!!!!!!!!,t,,,
멍청이,t,,,
멍청이,t,,,
오 멍청한거같은데?,t,,,
모대모대멍충이풉킥,t,,,
든든하다 선갈통!,t,,,
선갈통!,t,,,
역시 선갈통,t,,,
선갈통ㅋㅋㅋㅋㅋㅋㅋㅋㅋㅋㅋㅋㅋㅋㅋㅋㅋㅋㅋㅋㅋㅋㅋㅋ,t,,,
진짜 선갈통,t,,,
선갈통!,t,,,
역시 실망시키지 않는다,t,,,
전국민 대실망,d,,,
왜저래,d,,,
왜저래,d,,,
왜저래,d,,,
왜저래,d,,,
왜저래진짜,d,,,
왜저래 ㅋㅋㅋ,d,,,
아 왜저래,d,,,
눈치챙겨..왜저래,d,,,
무빙 왜저래ㅋㅋㅋㅋㅋㅋㅋㅋㅋㅋㅋㅋㅋㅋㅋㅋㅋㅋㅋㅋㅋㅋㅋㅋ,d,,,
왜저래ㅋㅋㅋㅋㅋㅋㅋㅋㅋㅋ,d,,,
목소리 왜저래 ㅋㅋㅋㅋㅋㅋㅋ,d,,,
왜 저래,d,,,
쟤 왜 저래 ㅋㅋㅋㅋㅋ,d,,,
왜 저래ㅋㅋㅋㅋㅋㅋㅋㅋㅋ,d,,,
왜 저래,d,,,
오바야 와,d,,,
아진짜 오바야,d,,,
오바,d,,,
오바,d,,,
그건좀아니지,d,,,
그건쫌,d,,,
이건 좀...,d,,,
그건좀,d,,,
그건쫌...,d,,,
그건 쫌...,d,,,
그건 쫌,d,,,
쫌...,d,,,
그건좀,d,,,
아 제발,d,,,
그건쫌ㅋ,d,,,
오 눈치없구만,d,,,
눈치 챙겨,d,,,
눈치 좀 챙겨라 왜 들어감,d,,,
왜그러냐 진짜,d,,,
아 제발 좀,d,,,
아 왜저랭,d,,,
진짜 눈치없네,d,,,
아 왜그러냐 진짜,d,,,
쯧,d,,,
눈치없네,d,,,
눈치없냐~~~~~~~!,d,,,
눈치챙겨~,d,,,
눈치챙겨요..,d,,,
진짜 뭐하냐...,d,,,
에휴......,d,,,
에휴,d,,,
에휴,d,,,
시좁바 에휴,d,,,
에휴,d,,,
에휴ㅋㅋㅋㅋㅋㅋ,d,,,
에휴,d,,,
김선바 개못해~~,t,,,
김선바 개못해,t,,,
개못해ㅋㅋㅋㅋㅋㅋㅋㅋㅋㅋㅋㅋㅋㅋ,t,,,
개못해,t,,,
개못해,t,,,
개못해,t,,,
ㅇ나 개못해 ㅋㅋㅋ,t,,,
개못해 진짜 ㅋㅋㅋㅋㅋㅋㅋㅋㅋㅋㅋㅋㅋㅋㅋㅋㅋ,t,,,
아 개못해 진짜 선갈통 실화냐,t,,,
선바님 개못해,t,,,
선바개못해 ㅠㅠㅠ,t,,,
ㅋㅋㅋ진짜 개못해,t,,,
개못해ㅋㅋㅋㅋㅋㅋㅋㅋㅋ,t,,,
개못해 ㅠ,t,,,
개못해,t,,,
진짜 개못해,t,,,
진짜 개못해서 ㅈㄴ웃기다,t,,,
김선바 개못해,t,,,
개못해 ㅋㅋㅋㅋㅋㅋㅋㅋ,t,,,
개모대~~,t,,,
개모대~~,t,,,
개모대개모대,t,,,
개모대,t,,,
으이구 바보야,t,,,
개모대,t,,,
김선바 개모대,t,,,
연기 개모대~~~,t,,, 
개모대 김선바!!!,t,,,
개모대,t,,,
